,GEOID,households
0,4700190952.0,863
1,4700190952.0,756
2,4700191332.0,1250
3,4700191332.0,499
4,4700191332.0,574
5,4700191332.0,680
6,4700191332.0,674
7,4700191142.0,544
8,4700191142.0,441
9,4700191142.0,644
10,4700191142.0,511
11,4700191142.0,701
12,4700191142.0,794
13,4700190952.0,553
14,4700190952.0,380
15,4700190952.0,590
16,4700190952.0,584
17,4700190952.0,424
18,4700190572.0,380
19,4700190572.0,292
20,4700190572.0,724
21,4700190572.0,482
22,4700190572.0,740
23,4700190382.0,618
24,4700190382.0,867
25,4700190382.0,996
26,4700190382.0,530
27,4700190382.0,996
28,4700190002.0,377
29,4700190002.0,498
30,4700190762.0,637
31,4700190762.0,511
32,4700190762.0,755
33,4700190762.0,543
34,4700190762.0,622
35,4700190762.0,490
36,4700190762.0,612
37,4700190192.0,425
38,4700190762.0,422
39,4700190572.0,635
40,4700190572.0,391
41,4700190192.0,386
42,4700190192.0,691
43,4700190192.0,757
44,4700190192.0,733
45,4700190002.0,399
46,4700190192.0,972
47,4700190002.0,493
48,4700190002.0,683
49,4700190002.0,701
50,4700190002.0,731
51,4700190002.0,296
52,4700190952.0,0
53,4700390004.0,559
54,4700390194.0,860
55,4700390384.0,1142
56,4700390194.0,1032
57,4700390384.0,480
58,4700390574.0,886
59,4700390574.0,547
60,4700390574.0,749
61,4700390954.0,552
62,4700390574.0,768
63,4700390194.0,1012
64,4700391524.0,670
65,4700390194.0,1004
66,4700391144.0,575
67,4700391144.0,802
68,4700390194.0,601
69,4700391144.0,368
70,4700390954.0,558
71,4700390954.0,626
72,4700390954.0,695
73,4700390764.0,964
74,4700390004.0,540
75,4700390004.0,587
76,4700390764.0,644
77,4700390764.0,545
78,4700590956.0,749
79,4700590956.0,763
80,4700590576.0,476
81,4700590196.0,451
82,4700590576.0,344
83,4700590006.0,398
84,4700590006.0,444
85,4700590766.0,332
86,4700590766.0,590
87,4700590576.0,680
88,4700590196.0,525
89,4700590386.0,516
90,4700590386.0,643
91,4700790198.0,881
92,4700790388.0,710
93,4700790198.0,571
94,4700790198.0,415
95,4700790958.0,489
96,4700790958.0,668
97,4700790768.0,628
98,4700790008.0,677
99,4700990010.0,551
100,4700990010.0,569
101,4700990200.0,343
102,4700990200.0,848
103,4700990200.0,754
104,4700990200.0,866
105,4700991720.0,923
106,4700991720.0,596
107,4700991720.0,1081
108,4700991720.0,400
109,4700991720.0,499
110,4700990200.0,516
111,4700991530.0,752
112,4700991530.0,587
113,4700990010.0,767
114,4700990010.0,546
115,4700990770.0,485
116,4700990770.0,652
117,4700990770.0,379
118,4700990390.0,532
119,4700990010.0,306
120,4700990580.0,537
121,4700990010.0,600
122,4700990390.0,724
123,4700990010.0,568
124,4700990390.0,485
125,4700990390.0,441
126,4700990390.0,840
127,4700990390.0,747
128,4700990390.0,568
129,4700990390.0,779
130,4700990580.0,724
131,4700990580.0,387
132,4700991340.0,654
133,4700991340.0,539
134,4700990580.0,582
135,4700990770.0,394
136,4700990580.0,1193
137,4700990580.0,535
138,4700990770.0,601
139,4700990770.0,1256
140,4700990770.0,911
141,4700990580.0,644
142,4700990010.0,951
143,4700990010.0,1483
144,4700990770.0,1347
145,4700991530.0,1115
146,4700991530.0,736
147,4700991530.0,400
148,4700991340.0,638
149,4700991530.0,580
150,4700991340.0,925
151,4700991340.0,477
152,4700991340.0,371
153,4700990580.0,543
154,4700990580.0,436
155,4700991340.0,623
156,4700991340.0,431
157,4700991150.0,738
158,4700990960.0,657
159,4700991150.0,1047
160,4700990580.0,766
161,4700990580.0,770
162,4700990580.0,731
163,4700991150.0,562
164,4700990960.0,574
165,4700990960.0,729
166,4700990960.0,666
167,4700990960.0,1654
168,4700991150.0,571
169,4700991150.0,417
170,4700990200.0,911
171,4700991720.0,587
172,4700991720.0,1017
173,4700991150.0,683
174,4700991720.0,795
175,4700990200.0,0
176,4700991340.0,0
177,4701190202.0,435
178,4701191152.0,766
179,4701191152.0,496
180,4701190392.0,504
181,4701191152.0,742
182,4701190392.0,1107
183,4701190392.0,560
184,4701190582.0,572
185,4701190392.0,779
186,4701190392.0,548
187,4701190392.0,522
188,4701190392.0,577
189,4701190392.0,498
190,4701191152.0,742
191,4701191152.0,749
192,4701190772.0,337
193,4701190772.0,460
194,4701190772.0,489
195,4701190772.0,570
196,4701190772.0,543
197,4701190582.0,331
198,4701190772.0,493
199,4701190582.0,537
200,4701190962.0,631
201,4701190772.0,809
202,4701190962.0,945
203,4701190772.0,506
204,4701190202.0,722
205,4701190582.0,585
206,4701190582.0,916
207,4701190392.0,1451
208,4701190202.0,680
209,4701190202.0,810
210,4701190202.0,952
211,4701190202.0,796
212,4701190202.0,784
213,4701190202.0,1094
214,4701190202.0,1281
215,4701190012.0,1133
216,4701190012.0,760
217,4701190012.0,330
218,4701190012.0,689
219,4701190012.0,856
220,4701190012.0,905
221,4701190012.0,1413
222,4701191152.0,771
223,4701191152.0,488
224,4701190962.0,651
225,4701190962.0,683
226,4701190962.0,613
227,4701190962.0,1252
228,4701190582.0,717
229,4701190582.0,1255
230,4701190962.0,682
231,4701190962.0,1278
232,4701390774.0,650
233,4701390774.0,252
234,4701390774.0,379
235,4701390774.0,577
236,4701390774.0,446
237,4701390774.0,337
238,4701390774.0,348
239,4701390584.0,922
240,4701390584.0,354
241,4701390584.0,626
242,4701390584.0,891
243,4701390584.0,314
244,4701390394.0,492
245,4701390584.0,472
246,4701390394.0,444
247,4701390394.0,320
248,4701390394.0,309
249,4701390204.0,387
250,4701390204.0,224
251,4701390204.0,484
252,4701390204.0,327
253,4701390204.0,708
254,4701390204.0,543
255,4701390014.0,532
256,4701390014.0,495
257,4701390014.0,584
258,4701390014.0,629
259,4701390204.0,384
260,4701390014.0,612
261,4701390014.0,373
262,4701390394.0,888
263,4701390014.0,881
264,4701590206.0,425
265,4701590206.0,415
266,4701590206.0,757
267,4701590586.0,639
268,4701590586.0,361
269,4701590586.0,681
270,4701590016.0,497
271,4701590016.0,554
272,4701590586.0,554
273,4701590396.0,764
274,4701790398.0,262
275,4701790588.0,396
276,4701790398.0,658
277,4701790398.0,435
278,4701790588.0,395
279,4701791158.0,391
280,4701790778.0,688
281,4701790778.0,383
282,4701791158.0,856
283,4701791348.0,650
284,4701791348.0,627
285,4701790588.0,584
286,4701791538.0,585
287,4701791538.0,452
288,4701790208.0,393
289,4701790208.0,544
290,4701790018.0,642
291,4701790208.0,373
292,4701790018.0,490
293,4701790018.0,574
294,4701790968.0,543
295,4701790968.0,400
296,4701790018.0,0
297,4701991350.0,643
298,4701991350.0,319
299,4701991160.0,1120
300,4701991160.0,497
301,4701991350.0,682
302,4701991350.0,724
303,4701990970.0,1023
304,4701990590.0,944
305,4701990590.0,579
306,4701990590.0,291
307,4701990590.0,896
308,4701991160.0,552
309,4701990970.0,548
310,4701991160.0,694
311,4701990780.0,738
312,4701990780.0,530
313,4701990780.0,328
314,4701990780.0,519
315,4701990780.0,495
316,4701990780.0,856
317,4701990400.0,621
318,4701990400.0,654
319,4701990400.0,704
320,4701990400.0,830
321,4701990400.0,826
322,4701990020.0,819
323,4701990020.0,600
324,4701990020.0,323
325,4701990020.0,491
326,4701990020.0,853
327,4701990210.0,674
328,4701990970.0,855
329,4701990210.0,523
330,4701990210.0,407
331,4701990970.0,691
332,4701990210.0,300
333,4701990210.0,584
334,4701990210.0,627
335,4702190782.0,586
336,4702190782.0,994
337,4702190212.0,547
338,4702190212.0,846
339,4702190212.0,525
340,4702190022.0,1323
341,4702190212.0,436
342,4702190402.0,1584
343,4702190212.0,296
344,4702190592.0,823
345,4702190592.0,855
346,4702190402.0,634
347,4702190592.0,644
348,4702190022.0,606
349,4702190022.0,869
350,4702190782.0,351
351,4702190972.0,633
352,4702190972.0,412
353,4702190972.0,1270
354,4702190972.0,703
355,4702190782.0,314
356,4702390024.0,421
357,4702390024.0,1008
358,4702390214.0,909
359,4702390784.0,864
360,4702390594.0,430
361,4702390974.0,436
362,4702390594.0,968
363,4702390404.0,596
364,4702390404.0,745
365,4702590976.0,469
366,4702590786.0,603
367,4702590976.0,946
368,4702590976.0,502
369,4702591166.0,476
370,4702591356.0,623
371,4702591166.0,538
372,4702591546.0,391
373,4702591356.0,569
374,4702591356.0,558
375,4702590216.0,481
376,4702590216.0,866
377,4702590216.0,476
378,4702590026.0,361
379,4702590026.0,596
380,4702590216.0,1127
381,4702590216.0,335
382,4702590596.0,825
383,4702590976.0,753
384,4702590406.0,465
385,4702590596.0,631
386,4702590596.0,694
387,4702790788.0,398
388,4702790598.0,338
389,4702790598.0,449
390,4702790598.0,662
391,4702790028.0,340
392,4702790028.0,459
393,4702790218.0,662
394,4702990410.0,551
395,4702990410.0,378
396,4702990410.0,628
397,4702990410.0,462
398,4702991170.0,321
399,4702991170.0,899
400,4702990220.0,667
401,4702990220.0,732
402,4702990220.0,516
403,4702990220.0,449
404,4702990030.0,295
405,4702990030.0,452
406,4702990600.0,808
407,4702990600.0,393
408,4702990980.0,838
409,4702990600.0,479
410,4702990220.0,816
411,4702990030.0,519
412,4702990790.0,754
413,4702990600.0,492
414,4702990980.0,608
415,4702991170.0,503
416,4702990980.0,300
417,4702990030.0,584
418,4702990790.0,525
419,4702990790.0,698
420,4702990790.0,0
421,4703191172.0,861
422,4703191552.0,560
423,4703192122.0,891
424,4703191742.0,535
425,4703191362.0,599
426,4703191552.0,721
427,4703191742.0,760
428,4703192312.0,685
429,4703192502.0,883
430,4703190222.0,303
431,4703190222.0,550
432,4703190412.0,880
433,4703190412.0,1081
434,4703190032.0,511
435,4703191362.0,587
436,4703190032.0,663
437,4703190982.0,431
438,4703190792.0,576
439,4703190792.0,1117
440,4703192882.0,1271
441,4703193452.0,568
442,4703192882.0,482
443,4703192312.0,939
444,4703192882.0,1079
445,4703193452.0,457
446,4703193452.0,325
447,4703193452.0,392
448,4703193072.0,620
449,4703193262.0,450
450,4703193642.0,634
451,4703193642.0,543
452,4703193832.0,506
453,4703193262.0,440
454,4703192502.0,0
455,4703392124.0,297
456,4703390984.0,633
457,4703390604.0,591
458,4703391174.0,326
459,4703390794.0,707
460,4703390034.0,352
461,4703390034.0,402
462,4703390414.0,284
463,4703390414.0,656
464,4703391554.0,294
465,4703391934.0,477
466,4703391934.0,703
467,4703591556.0,1990
468,4703591556.0,1386
469,4703590986.0,498
470,4703591556.0,950
471,4703591176.0,718
472,4703590606.0,1059
473,4703590606.0,753
474,4703591176.0,461
475,4703590606.0,815
476,4703591366.0,943
477,4703591366.0,506
478,4703591366.0,488
479,4703590036.0,841
480,4703590226.0,886
481,4703590226.0,1026
482,4703590416.0,603
483,4703590226.0,474
484,4703590036.0,592
485,4703590036.0,538
486,4703590036.0,501
487,4703591366.0,1196
488,4703591366.0,794
489,4703590416.0,1117
490,4703590796.0,504
491,4703590416.0,835
492,4703590796.0,452
493,4703590796.0,455
494,4703590416.0,803
495,4703590796.0,485
496,4703591366.0,701
497,4703590986.0,854
498,4703590986.0,902
499,4703790038.0,388
500,4703790038.0,618
501,4703790038.0,728
502,4703790038.0,649
503,4703790418.0,296
504,4703790038.0,880
505,4703790038.0,315
506,4703790038.0,256
507,4703790418.0,495
508,4703790418.0,517
509,4703790418.0,907
510,4703790418.0,323
511,4703790418.0,531
512,4703790418.0,400
513,4703790418.0,476
514,4703791748.0,680
515,4703791748.0,571
516,4703791748.0,1153
517,4703791748.0,326
518,4703791748.0,452
519,4703791748.0,556
520,4703791748.0,1291
521,4703791748.0,543
522,4703791748.0,1037
523,4703791748.0,521
524,4703791558.0,490
525,4703791558.0,507
526,4703791558.0,335
527,4703791558.0,502
528,4703791558.0,401
529,4703791558.0,766
530,4703791938.0,242
531,4703791938.0,639
532,4703791938.0,318
533,4703791938.0,450
534,4703791938.0,341
535,4703791938.0,485
536,4703791938.0,470
537,4703791938.0,557
538,4703791938.0,1045
539,4703791558.0,1257
540,4703791558.0,619
541,4703791558.0,284
542,4703791558.0,750
543,4703791558.0,511
544,4703791558.0,509
545,4703791558.0,770
546,4703791558.0,413
547,4703791178.0,411
548,4703791178.0,650
549,4703791178.0,1086
550,4703791748.0,1067
551,4703791368.0,321
552,4703791368.0,934
553,4703791368.0,676
554,4703791368.0,325
555,4703791368.0,506
556,4703791368.0,320
557,4703791368.0,430
558,4703790418.0,680
559,4703791368.0,328
560,4703790418.0,891
561,4703790418.0,700
562,4703790418.0,737
563,4703790228.0,480
564,4703791368.0,545
565,4703790228.0,749
566,4703790228.0,426
567,4703791368.0,299
568,4703791368.0,411
569,4703791368.0,349
570,4703791368.0,848
571,4703791178.0,269
572,4703791368.0,550
573,4703791178.0,347
574,4703791178.0,406
575,4703791178.0,298
576,4703791178.0,298
577,4703791178.0,305
578,4703791178.0,431
579,4703791178.0,307
580,4703791368.0,271
581,4703791368.0,335
582,4703790798.0,256
583,4703790798.0,365
584,4703790798.0,421
585,4703790798.0,450
586,4703790798.0,518
587,4703790798.0,245
588,4703791178.0,728
589,4703791178.0,361
590,4703791178.0,356
591,4703790798.0,492
592,4703791178.0,178
593,4703791178.0,366
594,4703791178.0,640
595,4703791178.0,354
596,4703791178.0,434
597,4703790988.0,430
598,4703790988.0,480
599,4703791178.0,418
600,4703791178.0,482
601,4703790988.0,460
602,4703790988.0,309
603,4703790988.0,557
604,4703790988.0,373
605,4703791178.0,267
606,4703790798.0,291
607,4703790798.0,320
608,4703790798.0,373
609,4703790798.0,316
610,4703790798.0,245
611,4703790798.0,352
612,4703790798.0,132
613,4703790798.0,519
614,4703790798.0,615
615,4703790798.0,325
616,4703790988.0,331
617,4703790988.0,541
618,4703790988.0,270
619,4703790988.0,464
620,4703790988.0,300
621,4703790988.0,343
622,4703790798.0,772
623,4703790228.0,441
624,4703790228.0,864
625,4703790228.0,416
626,4703790228.0,417
627,4703790228.0,644
628,4703790228.0,365
629,4703790038.0,597
630,4703790228.0,289
631,4703790038.0,458
632,4703790228.0,703
633,4703790228.0,469
634,4703790038.0,370
635,4703790038.0,298
636,4703790038.0,38
637,4703793648.0,0
638,4703790038.0,340
639,4703793648.0,704
640,4703793648.0,616
641,4703793648.0,736
642,4703793648.0,492
643,4703793648.0,620
644,4703793648.0,251
645,4703793648.0,322
646,4703793648.0,588
647,4703793648.0,597
648,4703793648.0,458
649,4703794408.0,772
650,4703794408.0,533
651,4703794408.0,1015
652,4703794408.0,466
653,4703794408.0,770
654,4703793838.0,219
655,4703793838.0,330
656,4703793838.0,235
657,4703793838.0,468
658,4703793838.0,133
659,4703790228.0,1119
660,4703793838.0,382
661,4703793838.0,560
662,4703790228.0,486
663,4703790228.0,309
664,4703793838.0,279
665,4703793838.0,367
666,4703793838.0,702
667,4703793458.0,446
668,4703793838.0,433
669,4703793838.0,310
670,4703793838.0,538
671,4703793458.0,324
672,4703793838.0,709
673,4703793458.0,231
674,4703793458.0,399
675,4703793458.0,410
676,4703792698.0,406
677,4703792698.0,291
678,4703792698.0,437
679,4703792698.0,805
680,4703792698.0,834
681,4703792698.0,339
682,4703792698.0,303
683,4703792698.0,1171
684,4703792698.0,618
685,4703792698.0,691
686,4703791938.0,186
687,4703791938.0,686
688,4703791938.0,1534
689,4703792508.0,249
690,4703792508.0,316
691,4703792508.0,377
692,4703792508.0,651
693,4703792508.0,270
694,4703792508.0,332
695,4703791938.0,293
696,4703791938.0,739
697,4703792128.0,966
698,4703791938.0,1059
699,4703792508.0,899
700,4703792698.0,151
701,4703792508.0,642
702,4703792508.0,737
703,4703792508.0,463
704,4703792508.0,772
705,4703792128.0,298
706,4703792508.0,1373
707,4703792508.0,952
708,4703792128.0,513
709,4703792128.0,1956
710,4703792508.0,1532
711,4703795510.0,412
712,4703795510.0,1573
713,4703795510.0,1051
714,4703795510.0,294
715,4703792318.0,785
716,4703795320.0,298
717,4703792318.0,0
718,4703795320.0,564
719,4703795320.0,430
720,4703795320.0,1149
721,4703795320.0,983
722,4703795320.0,537
723,4703795510.0,453
724,4703795510.0,585
725,4703795510.0,391
726,4703795510.0,436
727,4703795510.0,313
728,4703795510.0,1169
729,4703796270.0,574
730,4703796270.0,535
731,4703795510.0,799
732,4703795510.0,689
733,4703796270.0,948
734,4703796270.0,936
735,4703792128.0,326
736,4703792128.0,1267
737,4703792508.0,1312
738,4703792128.0,1140
739,4703792318.0,1226
740,4703792508.0,1041
741,4703792318.0,893
742,4703792318.0,1751
743,4703795320.0,1262
744,4703796080.0,1375
745,4703795320.0,401
746,4703795320.0,623
747,4703796080.0,448
748,4703796080.0,1088
749,4703796080.0,708
750,4703796080.0,1371
751,4703796080.0,446
752,4703796080.0,344
753,4703796080.0,1396
754,4703796270.0,1175
755,4703796270.0,2006
756,4703796270.0,934
757,4703792318.0,547
758,4703792318.0,650
759,4703792318.0,304
760,4703792888.0,1145
761,4703792888.0,575
762,4703792698.0,661
763,4703792318.0,291
764,4703792318.0,709
765,4703792318.0,827
766,4703792318.0,333
767,4703793078.0,818
768,4703793078.0,472
769,4703793078.0,414
770,4703793078.0,533
771,4703793078.0,528
772,4703793078.0,367
773,4703793078.0,507
774,4703793078.0,495
775,4703793078.0,402
776,4703793458.0,543
777,4703793078.0,370
778,4703793078.0,327
779,4703793458.0,547
780,4703793268.0,743
781,4703793838.0,907
782,4703793268.0,0
783,4703793268.0,0
784,4703793268.0,0
785,4703793838.0,1529
786,4703793268.0,979
787,4703794408.0,1220
788,4703794408.0,761
789,4703794408.0,385
790,4703794408.0,545
791,4703793268.0,826
792,4703793268.0,703
793,4703793268.0,563
794,4703793268.0,273
795,4703793268.0,391
796,4703793268.0,428
797,4703793268.0,615
798,4703793268.0,523
799,4703793268.0,381
800,4703793078.0,680
801,4703793078.0,352
802,4703793268.0,592
803,4703793078.0,1021
804,4703793078.0,488
805,4703793078.0,436
806,4703793078.0,368
807,4703793078.0,378
808,4703792888.0,674
809,4703792888.0,266
810,4703793078.0,331
811,4703792888.0,622
812,4703792888.0,247
813,4703792888.0,596
814,4703792888.0,399
815,4703792888.0,460
816,4703792888.0,507
817,4703792888.0,680
818,4703792888.0,396
819,4703792888.0,586
820,4703794940.0,304
821,4703794598.0,454
822,4703794598.0,481
823,4703794598.0,722
824,4703794598.0,824
825,4703794598.0,77
826,4703794598.0,519
827,4703794598.0,788
828,4703794598.0,357
829,4703794598.0,751
830,4703794598.0,572
831,4703794598.0,518
832,4703796460.0,971
833,4703794598.0,414
834,4703794598.0,541
835,4703796460.0,427
836,4703796460.0,959
837,4703794598.0,1091
838,4703794598.0,524
839,4703794598.0,318
840,4703794408.0,523
841,4703794408.0,776
842,4703794408.0,495
843,4703794408.0,527
844,4703793648.0,890
845,4703793648.0,868
846,4703794218.0,361
847,4703794408.0,1040
848,4703794218.0,490
849,4703794218.0,417
850,4703794218.0,533
851,4703794218.0,383
852,4703794218.0,457
853,4703794218.0,1732
854,4703794218.0,1624
855,4703794218.0,302
856,4703794218.0,316
857,4703796650.0,828
858,4703796650.0,367
859,4703796650.0,1530
860,4703796650.0,838
861,4703796650.0,1067
862,4703794028.0,718
863,4703794028.0,583
864,4703794028.0,957
865,4703794028.0,512
866,4703794028.0,509
867,4703796460.0,1264
868,4703796460.0,886
869,4703796460.0,459
870,4703796650.0,495
871,4703796650.0,711
872,4703796650.0,685
873,4703796650.0,1041
874,4703794028.0,764
875,4703796650.0,896
876,4703796650.0,445
877,4703796650.0,1109
878,4703794028.0,1100
879,4703794028.0,1139
880,4703794028.0,546
881,4703794218.0,385
882,4703794218.0,347
883,4703794218.0,297
884,4703796460.0,410
885,4703794218.0,386
886,4703794218.0,313
887,4703796460.0,565
888,4703796460.0,334
889,4703796460.0,486
890,4703796460.0,258
891,4703796460.0,634
892,4703796460.0,266
893,4703796460.0,428
894,4703796460.0,703
895,4703796460.0,330
896,4703794940.0,397
897,4703794940.0,278
898,4703794940.0,1295
899,4703794940.0,332
900,4703794940.0,281
901,4703790608.0,956
902,4703790608.0,1212
903,4703790608.0,1382
904,4703790608.0,855
905,4703794940.0,672
906,4703794940.0,713
907,4703794940.0,441
908,4703794940.0,275
909,4703794940.0,404
910,4703795130.0,315
911,4703795130.0,953
912,4703795130.0,398
913,4703795130.0,15
914,4703795130.0,1027
915,4703795130.0,329
916,4703795700.0,544
917,4703795700.0,250
918,4703795700.0,499
919,4703795700.0,577
920,4703795700.0,560
921,4703795700.0,509
922,4703795700.0,540
923,4703794940.0,893
924,4703794940.0,350
925,4703794940.0,892
926,4703794940.0,685
927,4703794940.0,332
928,4703795130.0,402
929,4703795130.0,1285
930,4703795130.0,391
931,4703795130.0,240
932,4703795130.0,1361
933,4703795130.0,210
934,4703795130.0,407
935,4703795700.0,454
936,4703795700.0,720
937,4703795700.0,518
938,4703795700.0,509
939,4703795700.0,625
940,4703795130.0,371
941,4703795130.0,276
942,4703795890.0,670
943,4703795890.0,500
944,4703795890.0,1077
945,4703795890.0,405
946,4703795890.0,1794
947,4703795890.0,5742
948,4703790608.0,1488
949,4703790608.0,1714
950,4703790608.0,1226
951,4703795890.0,1528
952,4703796080.0,1980
953,4703796080.0,500
954,4703790988.0,569
955,4703790988.0,345
956,4703790988.0,402
957,4703790988.0,366
958,4703790988.0,506
959,4703790988.0,223
960,4703790988.0,626
961,4703793458.0,899
962,4703793458.0,1981
963,4703793458.0,618
964,4703793458.0,1510
965,4703793458.0,2861
966,4703793458.0,800
967,4703793458.0,505
968,4703792698.0,646
969,4703793458.0,1198
970,4703792318.0,0
971,4703792888.0,0
972,4703991180.0,450
973,4703991560.0,346
974,4703991180.0,541
975,4703990990.0,950
976,4703991560.0,594
977,4703990610.0,271
978,4703990420.0,479
979,4703990040.0,526
980,4703990040.0,381
981,4703990230.0,371
982,4704190612.0,450
983,4704190802.0,440
984,4704190802.0,466
985,4704190992.0,524
986,4704190992.0,660
987,4704191182.0,551
988,4704190612.0,877
989,4704190422.0,627
990,4704190422.0,754
991,4704190232.0,849
992,4704190042.0,477
993,4704190042.0,659
994,4704190042.0,279
995,4704390424.0,807
996,4704390424.0,852
997,4704390614.0,699
998,4704390614.0,750
999,4704390044.0,720
1000,4704390044.0,451
1001,4704390804.0,971
1002,4704390804.0,1142
1003,4704392134.0,558
1004,4704391754.0,289
1005,4704391754.0,459
1006,4704392134.0,521
1007,4704390994.0,1369
1008,4704390994.0,1047
1009,4704391754.0,506
1010,4704391754.0,382
1011,4704391944.0,1043
1012,4704391754.0,840
1013,4704391564.0,467
1014,4704391564.0,389
1015,4704391564.0,406
1016,4704391564.0,479
1017,4704390234.0,634
1018,4704391374.0,377
1019,4704391184.0,1005
1020,4704391184.0,800
1021,4704390234.0,483
1022,4704390234.0,485
1023,4704390424.0,747
1024,4704390234.0,1035
1025,4704590426.0,812
1026,4704590236.0,886
1027,4704590616.0,1057
1028,4704591756.0,1099
1029,4704591756.0,741
1030,4704591756.0,367
1031,4704591186.0,334
1032,4704591566.0,276
1033,4704591566.0,494
1034,4704591566.0,546
1035,4704591376.0,363
1036,4704591376.0,451
1037,4704590996.0,394
1038,4704590996.0,216
1039,4704590996.0,443
1040,4704590046.0,413
1041,4704591376.0,945
1042,4704590426.0,531
1043,4704590426.0,373
1044,4704590046.0,520
1045,4704590046.0,570
1046,4704590806.0,727
1047,4704590806.0,583
1048,4704590616.0,611
1049,4704590616.0,601
1050,4704590806.0,798
1051,4704790428.0,419
1052,4704790428.0,224
1053,4704790428.0,268
1054,4704790428.0,291
1055,4704790428.0,526
1056,4704791378.0,656
1057,4704791378.0,395
1058,4704790428.0,563
1059,4704790618.0,460
1060,4704790808.0,674
1061,4704790998.0,589
1062,4704791378.0,354
1063,4704790998.0,720
1064,4704790998.0,1580
1065,4704790998.0,603
1066,4704790428.0,369
1067,4704790428.0,327
1068,4704790048.0,372
1069,4704791188.0,477
1070,4704790238.0,527
1071,4704790048.0,310
1072,4704790238.0,374
1073,4704791188.0,253
1074,4704791188.0,378
1075,4704790998.0,600
1076,4704791188.0,326
1077,4704790808.0,549
1078,4704790808.0,381
1079,4704790808.0,694
1080,4704790808.0,491
1081,4704790238.0,431
1082,4704790428.0,236
1083,4704790238.0,310
1084,4704990810.0,774
1085,4704990240.0,658
1086,4704990810.0,514
1087,4704990240.0,331
1088,4704990050.0,486
1089,4704990240.0,595
1090,4704990430.0,949
1091,4704990810.0,1009
1092,4704990810.0,351
1093,4704990620.0,738
1094,4704990620.0,615
1095,4704990620.0,491
1096,4705191002.0,467
1097,4705191002.0,514
1098,4705191002.0,415
1099,4705191192.0,215
1100,4705191192.0,1069
1101,4705190432.0,505
1102,4705191192.0,784
1103,4705191002.0,680
1104,4705191002.0,883
1105,4705191382.0,658
1106,4705190432.0,534
1107,4705190432.0,644
1108,4705191382.0,821
1109,4705190242.0,730
1110,4705190052.0,484
1111,4705190052.0,1146
1112,4705190242.0,524
1113,4705190052.0,575
1114,4705190622.0,463
1115,4705190622.0,1014
1116,4705190622.0,438
1117,4705190812.0,656
1118,4705190812.0,282
1119,4705190812.0,418
1120,4705190812.0,403
1121,4705190432.0,728
1122,4705190432.0,442
1123,4705392904.0,632
1124,4705392904.0,485
1125,4705393474.0,353
1126,4705393474.0,537
1127,4705393474.0,537
1128,4705393284.0,566
1129,4705393284.0,417
1130,4705392714.0,509
1131,4705392524.0,283
1132,4705392524.0,395
1133,4705391954.0,352
1134,4705391954.0,642
1135,4705391954.0,519
1136,4705392144.0,463
1137,4705392334.0,431
1138,4705391954.0,460
1139,4705392144.0,610
1140,4705391194.0,306
1141,4705391004.0,373
1142,4705391574.0,549
1143,4705391764.0,516
1144,4705391764.0,631
1145,4705391194.0,696
1146,4705391384.0,237
1147,4705391384.0,272
1148,4705391384.0,493
1149,4705390624.0,312
1150,4705390814.0,291
1151,4705390814.0,415
1152,4705390434.0,403
1153,4705390434.0,506
1154,4705390244.0,577
1155,4705390244.0,986
1156,4705390054.0,1700
1157,4705390054.0,663
1158,4705392904.0,442
1159,4705393284.0,313
1160,4705393094.0,605
1161,4705391954.0,518
1162,4705392144.0,0
1163,4705590436.0,717
1164,4705590626.0,533
1165,4705590436.0,745
1166,4705590436.0,825
1167,4705591006.0,300
1168,4705590626.0,808
1169,4705590626.0,749
1170,4705590816.0,603
1171,4705591006.0,554
1172,4705590816.0,645
1173,4705591196.0,576
1174,4705590436.0,870
1175,4705590246.0,544
1176,4705591196.0,494
1177,4705590246.0,604
1178,4705590246.0,484
1179,4705590056.0,708
1180,4705590816.0,594
1181,4705590056.0,682
1182,4705790628.0,514
1183,4705790628.0,496
1184,4705790628.0,540
1185,4705790438.0,540
1186,4705790438.0,537
1187,4705790438.0,856
1188,4705790058.0,572
1189,4705790248.0,759
1190,4705790058.0,518
1191,4705790058.0,343
1192,4705790058.0,477
1193,4705790248.0,647
1194,4705790818.0,452
1195,4705790818.0,809
1196,4705790818.0,813
1197,4705790818.0,489
1198,4705990060.0,349
1199,4705991200.0,434
1200,4705991200.0,467
1201,4705991200.0,461
1202,4705990060.0,471
1203,4705991200.0,536
1204,4705990440.0,643
1205,4705990440.0,406
1206,4705990440.0,653
1207,4705990440.0,609
1208,4705990440.0,757
1209,4705990440.0,480
1210,4705991200.0,644
1211,4705990630.0,313
1212,4705990630.0,615
1213,4705991200.0,641
1214,4705990820.0,487
1215,4705990630.0,512
1216,4705990630.0,671
1217,4705990630.0,688
1218,4705990820.0,596
1219,4705991200.0,518
1220,4705991200.0,481
1221,4705990820.0,630
1222,4705991010.0,548
1223,4705991010.0,529
1224,4705990250.0,460
1225,4705990060.0,553
1226,4705990060.0,730
1227,4705990250.0,735
1228,4705990250.0,628
1229,4705990250.0,728
1230,4705990630.0,877
1231,4705990630.0,630
1232,4705990630.0,512
1233,4705990250.0,582
1234,4705990630.0,535
1235,4705990820.0,746
1236,4705990820.0,726
1237,4705991010.0,767
1238,4705991010.0,648
1239,4705991010.0,502
1240,4705991010.0,674
1241,4705991010.0,542
1242,4705990060.0,556
1243,4705990060.0,587
1244,4705990060.0,688
1245,4705990060.0,656
1246,4706190062.0,412
1247,4706190062.0,746
1248,4706190062.0,402
1249,4706190062.0,280
1250,4706190252.0,348
1251,4706190062.0,598
1252,4706190252.0,684
1253,4706190442.0,804
1254,4706190252.0,576
1255,4706190252.0,471
1256,4706190442.0,602
1257,4706391204.0,819
1258,4706391204.0,376
1259,4706390254.0,566
1260,4706390254.0,809
1261,4706390444.0,755
1262,4706390444.0,835
1263,4706390634.0,743
1264,4706391964.0,642
1265,4706390634.0,589
1266,4706390064.0,344
1267,4706390064.0,620
1268,4706390064.0,407
1269,4706390064.0,335
1270,4706390064.0,611
1271,4706390824.0,595
1272,4706391014.0,667
1273,4706391584.0,580
1274,4706391394.0,761
1275,4706391204.0,736
1276,4706391204.0,570
1277,4706391204.0,366
1278,4706391394.0,658
1279,4706390444.0,641
1280,4706391774.0,464
1281,4706391774.0,620
1282,4706391964.0,685
1283,4706391964.0,573
1284,4706390824.0,497
1285,4706392534.0,573
1286,4706392154.0,855
1287,4706391584.0,548
1288,4706391584.0,280
1289,4706391584.0,717
1290,4706391774.0,597
1291,4706391964.0,357
1292,4706392154.0,358
1293,4706392344.0,757
1294,4706392344.0,622
1295,4706392534.0,294
1296,4706392534.0,802
1297,4706392154.0,741
1298,4706392344.0,653
1299,4706590636.0,704
1300,4706590636.0,617
1301,4706591016.0,451
1302,4706591016.0,758
1303,4706591016.0,512
1304,4706591016.0,352
1305,4706591016.0,276
1306,4706591016.0,597
1307,4706590256.0,773
1308,4706591016.0,725
1309,4706590636.0,403
1310,4706590636.0,383
1311,4706590826.0,671
1312,4706590826.0,247
1313,4706590636.0,443
1314,4706590636.0,487
1315,4706590636.0,192
1316,4706590636.0,392
1317,4706590636.0,304
1318,4706591016.0,1753
1319,4706591016.0,624
1320,4706591016.0,669
1321,4706590636.0,647
1322,4706590636.0,303
1323,4706590636.0,815
1324,4706591016.0,607
1325,4706590636.0,188
1326,4706590636.0,549
1327,4706591396.0,413
1328,4706590636.0,303
1329,4706590636.0,345
1330,4706590636.0,446
1331,4706591396.0,526
1332,4706590636.0,898
1333,4706590636.0,491
1334,4706590636.0,271
1335,4706590636.0,234
1336,4706590636.0,261
1337,4706591396.0,526
1338,4706591396.0,587
1339,4706591396.0,837
1340,4706590826.0,629
1341,4706590826.0,569
1342,4706590826.0,387
1343,4706591396.0,634
1344,4706591016.0,1026
1345,4706590826.0,443
1346,4706590826.0,316
1347,4706590826.0,531
1348,4706590826.0,518
1349,4706590826.0,415
1350,4706590826.0,488
1351,4706590826.0,460
1352,4706590826.0,501
1353,4706590826.0,470
1354,4706590826.0,809
1355,4706591396.0,784
1356,4706591396.0,691
1357,4706591586.0,944
1358,4706591586.0,852
1359,4706591586.0,552
1360,4706591586.0,556
1361,4706591586.0,879
1362,4706591586.0,443
1363,4706591586.0,386
1364,4706591586.0,474
1365,4706591586.0,336
1366,4706590066.0,470
1367,4706590066.0,314
1368,4706590066.0,629
1369,4706590066.0,415
1370,4706590066.0,357
1371,4706590066.0,488
1372,4706590066.0,485
1373,4706590066.0,119
1374,4706590066.0,1041
1375,4706590446.0,613
1376,4706590066.0,501
1377,4706590066.0,606
1378,4706590066.0,281
1379,4706590066.0,1215
1380,4706590066.0,448
1381,4706590066.0,992
1382,4706590066.0,456
1383,4706590066.0,611
1384,4706590066.0,654
1385,4706590066.0,723
1386,4706590446.0,1247
1387,4706590446.0,449
1388,4706590446.0,599
1389,4706590446.0,343
1390,4706590066.0,625
1391,4706590446.0,321
1392,4706590446.0,451
1393,4706590446.0,595
1394,4706590446.0,939
1395,4706590446.0,513
1396,4706590446.0,1044
1397,4706590446.0,474
1398,4706590446.0,831
1399,4706590446.0,753
1400,4706590446.0,1201
1401,4706590446.0,758
1402,4706590446.0,356
1403,4706590446.0,968
1404,4706590446.0,884
1405,4706590446.0,445
1406,4706590446.0,378
1407,4706590446.0,508
1408,4706590066.0,819
1409,4706590256.0,1047
1410,4706590066.0,499
1411,4706590066.0,1067
1412,4706590256.0,285
1413,4706590446.0,516
1414,4706590446.0,579
1415,4706590256.0,300
1416,4706590256.0,391
1417,4706590256.0,756
1418,4706590256.0,535
1419,4706590256.0,498
1420,4706590256.0,403
1421,4706590256.0,329
1422,4706590256.0,539
1423,4706590256.0,495
1424,4706591016.0,473
1425,4706591016.0,545
1426,4706590256.0,382
1427,4706591016.0,546
1428,4706591016.0,709
1429,4706591016.0,501
1430,4706590256.0,381
1431,4706591016.0,1107
1432,4706590256.0,437
1433,4706590256.0,652
1434,4706590256.0,384
1435,4706590256.0,827
1436,4706590256.0,1294
1437,4706590066.0,814
1438,4706590256.0,1043
1439,4706590256.0,332
1440,4706590256.0,876
1441,4706590256.0,401
1442,4706590256.0,1018
1443,4706590256.0,792
1444,4706590256.0,925
1445,4706591586.0,807
1446,4706591586.0,563
1447,4706591586.0,987
1448,4706591586.0,832
1449,4706591586.0,860
1450,4706591206.0,585
1451,4706591206.0,698
1452,4706591206.0,586
1453,4706591586.0,795
1454,4706591206.0,335
1455,4706591206.0,674
1456,4706591206.0,434
1457,4706591206.0,536
1458,4706591206.0,281
1459,4706591206.0,395
1460,4706591586.0,989
1461,4706591206.0,1255
1462,4706591206.0,472
1463,4706591206.0,1078
1464,4706591206.0,333
1465,4706591206.0,514
1466,4706591206.0,762
1467,4706591206.0,710
1468,4706591396.0,1195
1469,4706591396.0,1255
1470,4706591206.0,950
1471,4706591206.0,299
1472,4706591206.0,596
1473,4706591206.0,908
1474,4706591206.0,573
1475,4706591206.0,465
1476,4706591206.0,338
1477,4706591206.0,851
1478,4706591206.0,1281
1479,4706591206.0,393
1480,4706591206.0,724
1481,4706590826.0,802
1482,4706590826.0,621
1483,4706590826.0,589
1484,4706590826.0,606
1485,4706590636.0,412
1486,4706590636.0,643
1487,4706590636.0,817
1488,4706591586.0,369
1489,4706591586.0,456
1490,4706591586.0,779
1491,4706591586.0,901
1492,4706591586.0,610
1493,4706591396.0,1274
1494,4706590826.0,969
1495,4706591206.0,818
1496,4706590826.0,346
1497,4706590826.0,860
1498,4706590826.0,691
1499,4706590826.0,943
1500,4706590826.0,310
1501,4706590826.0,1086
1502,4706591396.0,496
1503,4706591396.0,882
1504,4706591396.0,901
1505,4706591586.0,836
1506,4706591586.0,224
1507,4706591586.0,874
1508,4706591586.0,1166
1509,4706591396.0,395
1510,4706591396.0,361
1511,4706591396.0,538
1512,4706591396.0,308
1513,4706591396.0,376
1514,4706591396.0,710
1515,4706591396.0,463
1516,4706591396.0,405
1517,4706591396.0,671
1518,4706591396.0,500
1519,4706591396.0,582
1520,4706591396.0,373
1521,4706591396.0,333
1522,4706591396.0,587
1523,4706591396.0,617
1524,4706591396.0,468
1525,4706591396.0,314
1526,4706591396.0,486
1527,4706591016.0,389
1528,4706591016.0,385
1529,4706591016.0,640
1530,4706591016.0,256
1531,4706591016.0,604
1532,4706591016.0,629
1533,4706591016.0,429
1534,4706590826.0,431
1535,4706590636.0,416
1536,4706590636.0,435
1537,4706590636.0,167
1538,4706590636.0,509
1539,4706590826.0,920
1540,4706590826.0,355
1541,4706591016.0,215
1542,4706591016.0,284
1543,4706591016.0,645
1544,4706590826.0,0
1545,4706590826.0,0
1546,4706790638.0,326
1547,4706790068.0,901
1548,4706790448.0,422
1549,4706791208.0,834
1550,4706790828.0,303
1551,4706991400.0,375
1552,4706991210.0,581
1553,4706991210.0,526
1554,4706990070.0,246
1555,4706990450.0,501
1556,4706990070.0,408
1557,4706990450.0,0
1558,4706990070.0,900
1559,4706990070.0,527
1560,4706990260.0,371
1561,4706990260.0,478
1562,4706991210.0,914
1563,4706990640.0,365
1564,4706990830.0,588
1565,4706991020.0,723
1566,4706990830.0,459
1567,4706990830.0,611
1568,4706990830.0,435
1569,4707191022.0,739
1570,4707191022.0,734
1571,4707190832.0,495
1572,4707190832.0,285
1573,4707190642.0,565
1574,4707190642.0,579
1575,4707191402.0,794
1576,4707191782.0,423
1577,4707191402.0,246
1578,4707190072.0,377
1579,4707191592.0,662
1580,4707191592.0,722
1581,4707191592.0,326
1582,4707191212.0,847
1583,4707191212.0,627
1584,4707190262.0,767
1585,4707190642.0,465
1586,4707190452.0,368
1587,4707190452.0,629
1588,4707391024.0,854
1589,4707391024.0,700
1590,4707391024.0,354
1591,4707391024.0,489
1592,4707390644.0,626
1593,4707391024.0,536
1594,4707390834.0,605
1595,4707390834.0,584
1596,4707390834.0,717
1597,4707390834.0,554
1598,4707391214.0,540
1599,4707391214.0,449
1600,4707390644.0,951
1601,4707390454.0,719
1602,4707390644.0,664
1603,4707390454.0,765
1604,4707390454.0,928
1605,4707390454.0,855
1606,4707390454.0,528
1607,4707390264.0,1007
1608,4707390264.0,1016
1609,4707390454.0,437
1610,4707390074.0,896
1611,4707390074.0,350
1612,4707390454.0,818
1613,4707390074.0,635
1614,4707390074.0,452
1615,4707390074.0,701
1616,4707390644.0,546
1617,4707390264.0,513
1618,4707390644.0,434
1619,4707391214.0,590
1620,4707391214.0,838
1621,4707391214.0,512
1622,4707391214.0,554
1623,4707391214.0,639
1624,4707590266.0,553
1625,4707591216.0,470
1626,4707590836.0,379
1627,4707591596.0,266
1628,4707590836.0,505
1629,4707590076.0,459
1630,4707590836.0,890
1631,4707590266.0,482
1632,4707591026.0,669
1633,4707591216.0,761
1634,4707591596.0,509
1635,4707590456.0,335
1636,4707591406.0,399
1637,4707591406.0,393
1638,4707591596.0,259
1639,4707790458.0,471
1640,4707790458.0,655
1641,4707790078.0,731
1642,4707790078.0,780
1643,4707790268.0,955
1644,4707790268.0,621
1645,4707790268.0,585
1646,4707791028.0,826
1647,4707791028.0,320
1648,4707791028.0,678
1649,4707790458.0,1212
1650,4707790648.0,250
1651,4707790838.0,465
1652,4707790838.0,302
1653,4707790838.0,640
1654,4707790458.0,252
1655,4707791218.0,442
1656,4707791218.0,628
1657,4707791218.0,524
1658,4707990460.0,561
1659,4707990080.0,511
1660,4707990460.0,431
1661,4707990460.0,605
1662,4707990080.0,446
1663,4707990080.0,404
1664,4707990080.0,336
1665,4707990080.0,314
1666,4707990080.0,367
1667,4707990080.0,295
1668,4707990650.0,463
1669,4707990650.0,227
1670,4707990650.0,369
1671,4707990650.0,601
1672,4707990650.0,310
1673,4707990840.0,337
1674,4707990840.0,519
1675,4707990840.0,808
1676,4707990840.0,725
1677,4707990080.0,526
1678,4707990460.0,742
1679,4707990460.0,904
1680,4707990270.0,506
1681,4707990270.0,479
1682,4707990270.0,458
1683,4707990460.0,554
1684,4707990270.0,499
1685,4707990270.0,468
1686,4708190652.0,1111
1687,4708190842.0,967
1688,4708190462.0,846
1689,4708190462.0,391
1690,4708190462.0,816
1691,4708190652.0,582
1692,4708190842.0,612
1693,4708191222.0,580
1694,4708191032.0,775
1695,4708191222.0,759
1696,4708190842.0,393
1697,4708191222.0,432
1698,4708191222.0,408
1699,4708190082.0,485
1700,4708390844.0,563
1701,4708391224.0,684
1702,4708390654.0,485
1703,4708391034.0,276
1704,4708390084.0,421
1705,4708390084.0,494
1706,4708390084.0,282
1707,4708591226.0,646
1708,4708591226.0,474
1709,4708591036.0,485
1710,4708591036.0,515
1711,4708590086.0,358
1712,4708590086.0,417
1713,4708590086.0,421
1714,4708590276.0,633
1715,4708590276.0,432
1716,4708590846.0,313
1717,4708590846.0,543
1718,4708590846.0,423
1719,4708590846.0,621
1720,4708590086.0,212
1721,4708590656.0,420
1722,4708590656.0,651
1723,4708791038.0,393
1724,4708791038.0,391
1725,4708790848.0,524
1726,4708790848.0,432
1727,4708790658.0,928
1728,4708790468.0,608
1729,4708790088.0,292
1730,4708790088.0,368
1731,4708790278.0,792
1732,4708990470.0,278
1733,4708990470.0,577
1734,4708990470.0,984
1735,4708990470.0,723
1736,4708990470.0,277
1737,4708991610.0,519
1738,4708991610.0,641
1739,4708991610.0,725
1740,4708991800.0,686
1741,4708991800.0,580
1742,4708991800.0,441
1743,4708990660.0,332
1744,4708990660.0,623
1745,4708991230.0,670
1746,4708991230.0,812
1747,4708991230.0,603
1748,4708991040.0,969
1749,4708991040.0,577
1750,4708990660.0,448
1751,4708990850.0,829
1752,4708990850.0,633
1753,4708990090.0,833
1754,4708991610.0,724
1755,4708990850.0,582
1756,4708990090.0,835
1757,4708990280.0,950
1758,4708991230.0,496
1759,4708990280.0,746
1760,4708990280.0,826
1761,4708991420.0,752
1762,4708991420.0,944
1763,4708991420.0,275
1764,4709191042.0,470
1765,4709190852.0,570
1766,4709190662.0,515
1767,4709190662.0,653
1768,4709190472.0,455
1769,4709190472.0,907
1770,4709190282.0,746
1771,4709190852.0,710
1772,4709190472.0,459
1773,4709190282.0,428
1774,4709190092.0,647
1775,4709190092.0,495
1776,4709390094.0,1409
1777,4709391614.0,691
1778,4709391614.0,411
1779,4709391614.0,496
1780,4709391614.0,12
1781,4709391614.0,33
1782,4709391614.0,193
1783,4709390094.0,333
1784,4709390094.0,297
1785,4709390094.0,406
1786,4709390284.0,568
1787,4709390284.0,476
1788,4709390284.0,409
1789,4709390284.0,752
1790,4709390284.0,797
1791,4709390284.0,775
1792,4709390284.0,419
1793,4709390284.0,508
1794,4709390284.0,589
1795,4709390094.0,709
1796,4709390094.0,477
1797,4709390094.0,513
1798,4709390094.0,389
1799,4709390094.0,504
1800,4709390094.0,629
1801,4709391614.0,583
1802,4709391614.0,862
1803,4709391614.0,322
1804,4709391614.0,833
1805,4709391614.0,673
1806,4709391614.0,720
1807,4709391614.0,912
1808,4709390664.0,497
1809,4709390094.0,604
1810,4709390094.0,467
1811,4709390094.0,548
1812,4709390094.0,1015
1813,4709390094.0,1096
1814,4709390284.0,840
1815,4709390284.0,685
1816,4709390284.0,786
1817,4709390284.0,713
1818,4709390284.0,828
1819,4709390094.0,773
1820,4709390094.0,456
1821,4709390094.0,752
1822,4709390094.0,704
1823,4709390094.0,931
1824,4709391614.0,751
1825,4709391614.0,1039
1826,4709391614.0,1178
1827,4709391614.0,703
1828,4709391614.0,452
1829,4709390664.0,1024
1830,4709390664.0,192
1831,4709390664.0,353
1832,4709390664.0,682
1833,4709390664.0,449
1834,4709390094.0,1090
1835,4709390474.0,694
1836,4709390474.0,717
1837,4709391044.0,934
1838,4709390474.0,830
1839,4709390284.0,473
1840,4709390474.0,929
1841,4709390284.0,1286
1842,4709390284.0,1040
1843,4709390284.0,1022
1844,4709390284.0,994
1845,4709390284.0,635
1846,4709390284.0,890
1847,4709390284.0,602
1848,4709390284.0,782
1849,4709390664.0,993
1850,4709390664.0,1301
1851,4709390664.0,934
1852,4709390664.0,1084
1853,4709390664.0,625
1854,4709390664.0,700
1855,4709390664.0,1296
1856,4709390664.0,911
1857,4709390664.0,1127
1858,4709390664.0,611
1859,4709390664.0,713
1860,4709391044.0,919
1861,4709391044.0,944
1862,4709390474.0,842
1863,4709391044.0,988
1864,4709390474.0,1259
1865,4709390474.0,691
1866,4709390474.0,495
1867,4709390474.0,939
1868,4709390474.0,465
1869,4709390474.0,954
1870,4709390474.0,867
1871,4709390474.0,668
1872,4709390474.0,955
1873,4709390474.0,717
1874,4709390474.0,853
1875,4709391044.0,1191
1876,4709390474.0,1140
1877,4709390474.0,1123
1878,4709390474.0,631
1879,4709390664.0,811
1880,4709390474.0,1064
1881,4709390664.0,789
1882,4709391044.0,992
1883,4709391044.0,822
1884,4709391234.0,798
1885,4709391044.0,520
1886,4709391044.0,1074
1887,4709390284.0,988
1888,4709391234.0,1557
1889,4709390284.0,584
1890,4709390284.0,554
1891,4709390284.0,679
1892,4709390284.0,1819
1893,4709390284.0,873
1894,4709391424.0,735
1895,4709391424.0,355
1896,4709391424.0,1111
1897,4709391424.0,711
1898,4709391424.0,780
1899,4709391424.0,719
1900,4709391424.0,494
1901,4709391424.0,625
1902,4709391424.0,587
1903,4709391424.0,913
1904,4709391424.0,794
1905,4709391424.0,757
1906,4709391424.0,624
1907,4709391424.0,677
1908,4709391614.0,572
1909,4709391614.0,606
1910,4709391614.0,414
1911,4709391614.0,463
1912,4709391614.0,292
1913,4709391614.0,893
1914,4709391614.0,719
1915,4709391614.0,848
1916,4709391614.0,760
1917,4709391614.0,767
1918,4709390664.0,449
1919,4709390664.0,974
1920,4709390664.0,470
1921,4709390664.0,515
1922,4709390854.0,1049
1923,4709390474.0,1094
1924,4709390854.0,759
1925,4709390474.0,1128
1926,4709390474.0,757
1927,4709390854.0,886
1928,4709390854.0,479
1929,4709390854.0,1142
1930,4709390664.0,763
1931,4709390664.0,522
1932,4709390854.0,317
1933,4709390854.0,1217
1934,4709390664.0,821
1935,4709390664.0,532
1936,4709390664.0,714
1937,4709390664.0,926
1938,4709390854.0,1103
1939,4709390854.0,1134
1940,4709390854.0,1112
1941,4709390854.0,1160
1942,4709390854.0,1015
1943,4709390854.0,1016
1944,4709390854.0,1054
1945,4709390854.0,865
1946,4709390854.0,413
1947,4709390854.0,1134
1948,4709390854.0,2125
1949,4709390854.0,1394
1950,4709390854.0,1014
1951,4709391044.0,934
1952,4709391044.0,705
1953,4709391044.0,410
1954,4709391044.0,1200
1955,4709390854.0,633
1956,4709391044.0,1146
1957,4709391044.0,809
1958,4709391044.0,1592
1959,4709391044.0,1151
1960,4709391044.0,827
1961,4709391044.0,1464
1962,4709391044.0,667
1963,4709391044.0,821
1964,4709391044.0,1135
1965,4709391044.0,1097
1966,4709391044.0,727
1967,4709391234.0,616
1968,4709391234.0,436
1969,4709391234.0,1137
1970,4709391234.0,918
1971,4709391234.0,453
1972,4709391234.0,669
1973,4709391234.0,1040
1974,4709391234.0,1249
1975,4709391234.0,963
1976,4709391234.0,1020
1977,4709391234.0,799
1978,4709391234.0,652
1979,4709391234.0,646
1980,4709391234.0,830
1981,4709391234.0,908
1982,4709391234.0,965
1983,4709391234.0,916
1984,4709391234.0,1549
1985,4709391234.0,1022
1986,4709391234.0,703
1987,4709391234.0,493
1988,4709391424.0,675
1989,4709391424.0,651
1990,4709391424.0,690
1991,4709391424.0,391
1992,4709391424.0,604
1993,4709391234.0,957
1994,4709391424.0,620
1995,4709391424.0,1322
1996,4709391424.0,1157
1997,4709391424.0,427
1998,4709391424.0,999
1999,4709391424.0,720
2000,4709391424.0,622
2001,4709390284.0,480
2002,4709390284.0,1012
2003,4709390094.0,341
2004,4709390094.0,474
2005,4709390094.0,644
2006,4709390094.0,650
2007,4709390094.0,720
2008,4709390094.0,991
2009,4709390094.0,250
2010,4709390094.0,626
2011,4709390094.0,1162
2012,4709390094.0,1115
2013,4709390094.0,598
2014,4709390094.0,378
2015,4709390664.0,693
2016,4709390664.0,607
2017,4709391614.0,538
2018,4709590286.0,272
2019,4709590286.0,582
2020,4709590096.0,0
2021,4709590096.0,431
2022,4709590476.0,263
2023,4709590476.0,384
2024,4709590476.0,274
2025,4709790858.0,314
2026,4716790548.0,245
2027,4709791428.0,293
2028,4709791428.0,319
2029,4709791428.0,371
2030,4709791238.0,469
2031,4709791238.0,312
2032,4709791238.0,350
2033,4709791238.0,422
2034,4709791048.0,368
2035,4709791048.0,417
2036,4709790288.0,427
2037,4709790098.0,313
2038,4709791048.0,575
2039,4709790288.0,285
2040,4709790478.0,799
2041,4709790668.0,597
2042,4709790668.0,366
2043,4709790288.0,192
2044,4709790478.0,255
2045,4709790668.0,484
2046,4709790288.0,424
2047,4709790098.0,347
2048,4709790098.0,619
2049,4709991810.0,899
2050,4709992000.0,730
2051,4709992380.0,584
2052,4709992380.0,405
2053,4709991620.0,633
2054,4709991810.0,713
2055,4709992190.0,493
2056,4709991430.0,742
2057,4709991620.0,660
2058,4709993330.0,350
2059,4709993140.0,421
2060,4709991430.0,296
2061,4709991240.0,913
2062,4709991430.0,498
2063,4709991240.0,285
2064,4709992570.0,589
2065,4709992950.0,703
2066,4709992570.0,397
2067,4709992380.0,1007
2068,4709990860.0,494
2069,4709990860.0,312
2070,4709991050.0,269
2071,4709991050.0,601
2072,4709990290.0,554
2073,4709990290.0,418
2074,4709990100.0,706
2075,4709990480.0,627
2076,4709990670.0,720
2077,4709990480.0,436
2078,4709990290.0,386
2079,4710190102.0,1042
2080,4710190862.0,807
2081,4710190482.0,381
2082,4710191052.0,517
2083,4710190482.0,525
2084,4710191432.0,606
2085,4710191242.0,878
2086,4710391054.0,408
2087,4710391244.0,263
2088,4710390294.0,456
2089,4710390294.0,451
2090,4710390294.0,333
2091,4710390294.0,386
2092,4710390864.0,276
2093,4710390864.0,385
2094,4710391054.0,953
2095,4710390864.0,429
2096,4710390864.0,727
2097,4710391054.0,555
2098,4710390484.0,441
2099,4710390484.0,584
2100,4710391244.0,735
2101,4710391244.0,545
2102,4710391244.0,657
2103,4710391434.0,878
2104,4710391434.0,812
2105,4710390674.0,388
2106,4710390104.0,621
2107,4710390674.0,1001
2108,4710390104.0,790
2109,4710390104.0,516
2110,4710590866.0,537
2111,4710590866.0,1165
2112,4710590866.0,277
2113,4710590866.0,373
2114,4710590106.0,1051
2115,4710590296.0,1075
2116,4710590296.0,291
2117,4710590296.0,455
2118,4710590296.0,347
2119,4710590296.0,968
2120,4710590866.0,981
2121,4710590296.0,779
2122,4710590866.0,615
2123,4710591056.0,568
2124,4710590296.0,367
2125,4710591056.0,1012
2126,4710590486.0,396
2127,4710590486.0,599
2128,4710590486.0,1028
2129,4710590106.0,456
2130,4710590106.0,933
2131,4710591246.0,944
2132,4710591246.0,1122
2133,4710591246.0,1024
2134,4710590106.0,514
2135,4710590676.0,497
2136,4710590106.0,508
2137,4710590106.0,402
2138,4710590106.0,920
2139,4710590676.0,524
2140,4710590676.0,583
2141,4710790298.0,1103
2142,4710790298.0,358
2143,4710790298.0,677
2144,4710790108.0,742
2145,4710790298.0,781
2146,4710790298.0,1160
2147,4710790298.0,572
2148,4710790868.0,668
2149,4710790108.0,523
2150,4710790108.0,341
2151,4710790108.0,391
2152,4710790108.0,359
2153,4710790298.0,390
2154,4710790298.0,542
2155,4710790488.0,441
2156,4710790488.0,1070
2157,4710790868.0,1131
2158,4710790868.0,523
2159,4710790868.0,612
2160,4710790488.0,733
2161,4710790488.0,513
2162,4710790488.0,326
2163,4710790488.0,686
2164,4710790678.0,288
2165,4710790678.0,503
2166,4710790678.0,604
2167,4710790678.0,822
2168,4710790488.0,524
2169,4710790678.0,802
2170,4710790678.0,338
2171,4710790108.0,757
2172,4710790868.0,925
2173,4710790868.0,715
2174,4710790868.0,472
2175,4710990490.0,425
2176,4710990490.0,737
2177,4710990300.0,516
2178,4710990110.0,485
2179,4710990110.0,397
2180,4710990110.0,625
2181,4710990680.0,486
2182,4710991250.0,360
2183,4710990300.0,369
2184,4710990870.0,403
2185,4710991060.0,641
2186,4710990680.0,833
2187,4710990490.0,704
2188,4710991060.0,514
2189,4710990870.0,338
2190,4710990870.0,413
2191,4710990870.0,789
2192,4710991250.0,733
2193,4710991250.0,601
2194,4711190302.0,720
2195,4711190492.0,655
2196,4711190112.0,572
2197,4711190492.0,501
2198,4711191442.0,708
2199,4711191442.0,1078
2200,4711190682.0,843
2201,4711190682.0,487
2202,4711191252.0,555
2203,4711191822.0,469
2204,4711190682.0,976
2205,4711191062.0,661
2206,4711190872.0,941
2207,4711390304.0,558
2208,4711390874.0,562
2209,4711390874.0,480
2210,4711391254.0,807
2211,4711391254.0,289
2212,4711390494.0,405
2213,4711390684.0,599
2214,4711390684.0,711
2215,4711391254.0,197
2216,4711390304.0,381
2217,4711390304.0,273
2218,4711390304.0,366
2219,4711390494.0,595
2220,4711390874.0,140
2221,4711390304.0,565
2222,4711390304.0,689
2223,4711390874.0,241
2224,4711390874.0,293
2225,4711390874.0,852
2226,4711390304.0,565
2227,4711390304.0,249
2228,4711390114.0,306
2229,4711390114.0,435
2230,4711390114.0,318
2231,4711390114.0,287
2232,4711391254.0,291
2233,4711390874.0,395
2234,4711390874.0,382
2235,4711390114.0,302
2236,4711390114.0,61
2237,4711390114.0,221
2238,4711390114.0,298
2239,4711390114.0,228
2240,4711390114.0,403
2241,4711391064.0,693
2242,4711391444.0,893
2243,4711391064.0,886
2244,4711391254.0,362
2245,4711391254.0,445
2246,4711391444.0,304
2247,4711391444.0,555
2248,4711390874.0,609
2249,4711391824.0,1196
2250,4711391824.0,727
2251,4711391824.0,782
2252,4711391444.0,495
2253,4711391444.0,347
2254,4711391824.0,1032
2255,4711390684.0,1068
2256,4711390494.0,950
2257,4711390684.0,505
2258,4711390684.0,949
2259,4711391634.0,1645
2260,4711390684.0,806
2261,4711390684.0,528
2262,4711391634.0,238
2263,4711391824.0,1120
2264,4711391824.0,883
2265,4711391634.0,954
2266,4711391634.0,693
2267,4711391634.0,925
2268,4711391634.0,1031
2269,4711391254.0,269
2270,4711391254.0,343
2271,4711391064.0,730
2272,4711391254.0,571
2273,4711391444.0,414
2274,4711391444.0,561
2275,4711391064.0,253
2276,4711391064.0,436
2277,4711590876.0,529
2278,4711590876.0,476
2279,4711590686.0,592
2280,4711590686.0,827
2281,4711590876.0,417
2282,4711590876.0,814
2283,4711590686.0,400
2284,4711590496.0,837
2285,4711590306.0,422
2286,4711590306.0,783
2287,4711590686.0,1056
2288,4711590496.0,855
2289,4711590496.0,448
2290,4711590306.0,451
2291,4711590116.0,552
2292,4711590116.0,842
2293,4711590116.0,393
2294,4711590306.0,509
2295,4711590116.0,693
2296,4711790118.0,853
2297,4711790118.0,470
2298,4711790308.0,1064
2299,4711791068.0,453
2300,4711791068.0,700
2301,4711791448.0,934
2302,4711790498.0,558
2303,4711791448.0,535
2304,4711791638.0,1144
2305,4711791638.0,769
2306,4711791258.0,441
2307,4711791068.0,845
2308,4711791258.0,404
2309,4711791638.0,658
2310,4711791638.0,486
2311,4711790878.0,619
2312,4711790498.0,652
2313,4711790688.0,447
2314,4711790688.0,674
2315,4711991070.0,581
2316,4711991260.0,417
2317,4711991260.0,491
2318,4711991070.0,754
2319,4711991070.0,1225
2320,4711992020.0,653
2321,4711992020.0,4716
2322,4711990880.0,1228
2323,4711992020.0,1438
2324,4711991450.0,1119
2325,4711990120.0,733
2326,4711990500.0,390
2327,4711990880.0,968
2328,4711990120.0,609
2329,4711990500.0,197
2330,4711990500.0,271
2331,4711991450.0,839
2332,4711990500.0,296
2333,4711990500.0,329
2334,4711990120.0,651
2335,4711990120.0,442
2336,4711990500.0,334
2337,4711990120.0,290
2338,4711990120.0,319
2339,4711990310.0,447
2340,4711990310.0,551
2341,4711990310.0,379
2342,4711990310.0,391
2343,4711990310.0,348
2344,4711990690.0,618
2345,4711990310.0,822
2346,4711991260.0,794
2347,4711990690.0,1486
2348,4711990690.0,576
2349,4711991260.0,712
2350,4711991260.0,652
2351,4711991830.0,444
2352,4711991260.0,644
2353,4711991640.0,1155
2354,4711991640.0,504
2355,4711991830.0,499
2356,4711991830.0,519
2357,4711991640.0,733
2358,4711990310.0,654
2359,4711991640.0,662
2360,4711991640.0,698
2361,4711990500.0,563
2362,4711991450.0,946
2363,4711991450.0,652
2364,4711991640.0,845
2365,4712190882.0,611
2366,4712190692.0,730
2367,4712190692.0,759
2368,4712190502.0,1226
2369,4712190312.0,602
2370,4712190122.0,1006
2371,4712390504.0,924
2372,4712390314.0,788
2373,4712390694.0,680
2374,4712390694.0,875
2375,4712390124.0,544
2376,4712390124.0,1042
2377,4712390124.0,585
2378,4712390124.0,943
2379,4712390124.0,1091
2380,4712390124.0,305
2381,4712390124.0,525
2382,4712390314.0,480
2383,4712390314.0,423
2384,4712390314.0,531
2385,4712390314.0,367
2386,4712390314.0,807
2387,4712390504.0,375
2388,4712390314.0,512
2389,4712390314.0,534
2390,4712390314.0,677
2391,4712390504.0,978
2392,4712390504.0,925
2393,4712390504.0,631
2394,4712390504.0,686
2395,4712390504.0,638
2396,4712390504.0,617
2397,4712390504.0,713
2398,4712390504.0,277
2399,4712590886.0,539
2400,4712590886.0,345
2401,4712590886.0,491
2402,4712590886.0,559
2403,4712590695.0,829
2404,4712590695.0,849
2405,4712593926.0,800
2406,4712590886.0,520
2407,4712593736.0,581
2408,4712593926.0,703
2409,4712593736.0,1131
2410,4712593926.0,914
2411,4712593926.0,686
2412,4712593926.0,831
2413,4712593926.0,272
2414,4712590316.0,344
2415,4712592406.0,619
2416,4712592406.0,315
2417,4712592406.0,605
2418,4712592406.0,542
2419,4712592216.0,541
2420,4712592976.0,1130
2421,4712592216.0,653
2422,4712592406.0,631
2423,4712592026.0,1159
2424,4712591836.0,470
2425,4712592026.0,927
2426,4712592026.0,963
2427,4712592976.0,720
2428,4712591266.0,989
2429,4712591836.0,859
2430,4712591836.0,667
2431,4712591836.0,927
2432,4712591456.0,821
2433,4712591456.0,749
2434,4712593356.0,2084
2435,4712591646.0,979
2436,4712591646.0,540
2437,4712591646.0,699
2438,4712591646.0,1890
2439,4712592216.0,514
2440,4712592216.0,826
2441,4712592216.0,693
2442,4712592216.0,1004
2443,4712591456.0,0
2444,4712591456.0,421
2445,4712591836.0,1483
2446,4712591266.0,435
2447,4712591266.0,1187
2448,4712591266.0,634
2449,4712591266.0,716
2450,4712591076.0,976
2451,4712591076.0,504
2452,4712590695.0,772
2453,4712591076.0,549
2454,4712591076.0,742
2455,4712591076.0,380
2456,4712590695.0,747
2457,4712590695.0,780
2458,4712590506.0,1637
2459,4712593736.0,811
2460,4712590506.0,570
2461,4712590506.0,1087
2462,4712593736.0,2139
2463,4712590506.0,589
2464,4712590316.0,1277
2465,4712590506.0,1163
2466,4712590316.0,992
2467,4712590126.0,2082
2468,4712590316.0,1337
2469,4712590316.0,475
2470,4712593546.0,1151
2471,4712592596.0,1023
2472,4712590126.0,1158
2473,4712592596.0,662
2474,4712593166.0,572
2475,4712592596.0,1742
2476,4712593166.0,2169
2477,4712593356.0,2211
2478,4712590126.0,1375
2479,4712590126.0,44
2480,4712590126.0,686
2481,4712593546.0,388
2482,4712593546.0,2701
2483,4712591836.0,0
2484,4712790888.0,695
2485,4712790508.0,814
2486,4712790698.0,726
2487,4712790128.0,321
2488,4712990890.0,716
2489,4712990890.0,645
2490,4712990890.0,702
2491,4712990700.0,713
2492,4712990510.0,613
2493,4712990510.0,483
2494,4712991080.0,0
2495,4712991080.0,391
2496,4712990130.0,727
2497,4712990130.0,516
2498,4712990130.0,427
2499,4712990320.0,620
2500,4712990320.0,461
2501,4712990320.0,367
2502,4712990320.0,465
2503,4713190132.0,667
2504,4713190132.0,307
2505,4713190132.0,562
2506,4713190132.0,356
2507,4713190322.0,544
2508,4713190322.0,384
2509,4713190892.0,364
2510,4713190512.0,453
2511,4713190892.0,503
2512,4713190892.0,676
2513,4713190892.0,325
2514,4713191082.0,611
2515,4713190892.0,357
2516,4713191082.0,413
2517,4713191082.0,397
2518,4713190322.0,451
2519,4713191272.0,574
2520,4713190702.0,519
2521,4713190322.0,347
2522,4713190702.0,505
2523,4713191272.0,307
2524,4713191272.0,667
2525,4713191272.0,690
2526,4713190512.0,612
2527,4713190512.0,356
2528,4713190512.0,316
2529,4713190512.0,236
2530,4713190512.0,327
2531,4713390324.0,312
2532,4713390514.0,369
2533,4713390324.0,706
2534,4713390324.0,542
2535,4713390324.0,862
2536,4713390134.0,455
2537,4713390514.0,628
2538,4713390514.0,615
2539,4713390894.0,459
2540,4713390894.0,344
2541,4713390704.0,873
2542,4713390704.0,1071
2543,4713390894.0,577
2544,4713390514.0,557
2545,4713390514.0,494
2546,4713591086.0,332
2547,4713590326.0,543
2548,4713590706.0,400
2549,4713590516.0,495
2550,4713590326.0,644
2551,4713590136.0,354
2552,4713590136.0,440
2553,4713790518.0,514
2554,4713790708.0,578
2555,4713790138.0,379
2556,4713790138.0,469
2557,4713790708.0,318
2558,4713990520.0,649
2559,4713990330.0,536
2560,4713990140.0,348
2561,4713990330.0,498
2562,4713990140.0,643
2563,4713990140.0,761
2564,4713990140.0,441
2565,4713990330.0,521
2566,4713990330.0,1012
2567,4713990520.0,342
2568,4713990520.0,618
2569,4713990520.0,778
2570,4714192232.0,462
2571,4714190712.0,716
2572,4714190712.0,839
2573,4714192042.0,1152
2574,4714192232.0,708
2575,4714192232.0,720
2576,4714190902.0,1439
2577,4714191852.0,557
2578,4714192042.0,580
2579,4714191852.0,1158
2580,4714190522.0,798
2581,4714190522.0,1230
2582,4714192042.0,402
2583,4714192042.0,700
2584,4714190332.0,985
2585,4714190332.0,488
2586,4714190332.0,352
2587,4714190142.0,972
2588,4714190142.0,956
2589,4714191092.0,880
2590,4714190142.0,447
2591,4714191092.0,651
2592,4714191092.0,620
2593,4714190522.0,368
2594,4714191852.0,867
2595,4714190522.0,604
2596,4714191662.0,1019
2597,4714191662.0,1086
2598,4714191282.0,598
2599,4714191472.0,447
2600,4714191472.0,635
2601,4714191472.0,384
2602,4714191472.0,378
2603,4714191472.0,900
2604,4714191282.0,864
2605,4714191472.0,613
2606,4714190902.0,991
2607,4714190142.0,546
2608,4714191282.0,918
2609,4714190902.0,1225
2610,4714190712.0,943
2611,4714390144.0,539
2612,4714390144.0,871
2613,4714390334.0,671
2614,4714390524.0,825
2615,4714390524.0,738
2616,4714390334.0,347
2617,4714390524.0,854
2618,4714390714.0,798
2619,4714391284.0,720
2620,4714391664.0,368
2621,4714391664.0,685
2622,4714391664.0,637
2623,4714391474.0,606
2624,4714390904.0,691
2625,4714391284.0,642
2626,4714390904.0,548
2627,4714391094.0,896
2628,4714391284.0,408
2629,4714391474.0,1003
2630,4714590716.0,646
2631,4714590716.0,685
2632,4714590906.0,607
2633,4714590906.0,575
2634,4714591096.0,655
2635,4714591096.0,375
2636,4714591096.0,546
2637,4714591096.0,758
2638,4714591286.0,477
2639,4714591096.0,609
2640,4714591096.0,465
2641,4714591096.0,757
2642,4714591286.0,612
2643,4714591286.0,831
2644,4714591286.0,684
2645,4714591286.0,619
2646,4714590146.0,579
2647,4714590146.0,373
2648,4714590146.0,640
2649,4714590146.0,404
2650,4714590146.0,790
2651,4714590146.0,615
2652,4714590146.0,642
2653,4714590146.0,484
2654,4714591096.0,575
2655,4714591096.0,573
2656,4714590336.0,299
2657,4714590336.0,497
2658,4714590336.0,252
2659,4714590336.0,671
2660,4714590336.0,319
2661,4714590336.0,575
2662,4714590336.0,317
2663,4714590336.0,618
2664,4714590526.0,667
2665,4714590716.0,566
2666,4714590716.0,453
2667,4714590716.0,427
2668,4714590526.0,426
2669,4714590526.0,457
2670,4714590716.0,0
2671,4714791478.0,642
2672,4714790148.0,870
2673,4714790338.0,1017
2674,4714790528.0,1402
2675,4714790528.0,384
2676,4714791478.0,1093
2677,4714790148.0,1204
2678,4714791288.0,774
2679,4714791288.0,358
2680,4714791288.0,490
2681,4714791478.0,608
2682,4714792238.0,472
2683,4714792048.0,568
2684,4714792048.0,663
2685,4714792238.0,594
2686,4714791668.0,1132
2687,4714791668.0,472
2688,4714791858.0,899
2689,4714791858.0,1020
2690,4714791478.0,1156
2691,4714791478.0,575
2692,4714791098.0,1066
2693,4714790718.0,690
2694,4714791858.0,429
2695,4714790908.0,478
2696,4714790908.0,534
2697,4714790528.0,437
2698,4714790528.0,757
2699,4714790718.0,1193
2700,4714790908.0,404
2701,4714790718.0,325
2702,4714790718.0,467
2703,4714792048.0,1231
2704,4714791098.0,1432
2705,4714990150.0,1107
2706,4714990150.0,1259
2707,4714990910.0,2595
2708,4714990910.0,718
2709,4714990910.0,1308
2710,4714990910.0,425
2711,4714990910.0,617
2712,4714992240.0,588
2713,4714990910.0,1397
2714,4714993570.0,1009
2715,4714992050.0,308
2716,4714993570.0,1058
2717,4714993570.0,985
2718,4714992050.0,957
2719,4714992050.0,1021
2720,4714992050.0,1117
2721,4714992240.0,2419
2722,4714991860.0,1179
2723,4714992050.0,1308
2724,4714991860.0,1216
2725,4714990530.0,292
2726,4714990530.0,499
2727,4714990530.0,583
2728,4714992240.0,1484
2729,4714990340.0,505
2730,4714990340.0,893
2731,4714990530.0,1010
2732,4714990530.0,457
2733,4714990340.0,944
2734,4714990340.0,886
2735,4714990340.0,259
2736,4714990340.0,708
2737,4714990720.0,690
2738,4714991100.0,331
2739,4714991100.0,345
2740,4714991100.0,489
2741,4714991480.0,2659
2742,4714991480.0,1501
2743,4714991100.0,1567
2744,4714991100.0,702
2745,4714991670.0,2061
2746,4714991860.0,812
2747,4714991860.0,575
2748,4714991670.0,540
2749,4714991670.0,747
2750,4714991670.0,629
2751,4714991670.0,686
2752,4714991670.0,862
2753,4714991670.0,848
2754,4714993760.0,333
2755,4714993760.0,1794
2756,4714991290.0,532
2757,4714991480.0,673
2758,4714991480.0,789
2759,4714991480.0,313
2760,4714991480.0,367
2761,4714991480.0,1065
2762,4714993570.0,1179
2763,4714993570.0,460
2764,4714993000.0,2557
2765,4714993760.0,1888
2766,4714991290.0,1687
2767,4714992430.0,5323
2768,4714992430.0,788
2769,4714992430.0,449
2770,4714991290.0,573
2771,4714991290.0,2098
2772,4714991290.0,478
2773,4714991290.0,1707
2774,4714992620.0,1153
2775,4714992620.0,798
2776,4714990530.0,474
2777,4714990530.0,462
2778,4714992810.0,1019
2779,4714992810.0,823
2780,4714990340.0,570
2781,4714990720.0,645
2782,4714990720.0,584
2783,4714990720.0,575
2784,4714993380.0,1503
2785,4714991100.0,880
2786,4714993950.0,605
2787,4714991100.0,1013
2788,4714992620.0,699
2789,4714992620.0,679
2790,4714992620.0,511
2791,4714992620.0,523
2792,4714992620.0,1017
2793,4714992810.0,1494
2794,4714992810.0,1849
2795,4714992810.0,482
2796,4714993190.0,1195
2797,4714993190.0,816
2798,4714992810.0,324
2799,4714993190.0,1984
2800,4714990720.0,1673
2801,4714993190.0,29
2802,4714993000.0,949
2803,4714993000.0,437
2804,4714993000.0,884
2805,4714993000.0,507
2806,4714993000.0,610
2807,4714993000.0,473
2808,4714993000.0,599
2809,4714993000.0,630
2810,4714993000.0,207
2811,4714992430.0,265
2812,4714993380.0,911
2813,4714993380.0,644
2814,4714993380.0,403
2815,4714993380.0,481
2816,4714993380.0,300
2817,4714992430.0,580
2818,4714993380.0,506
2819,4714993950.0,1047
2820,4714993950.0,1011
2821,4714993950.0,926
2822,4714993950.0,1079
2823,4714993950.0,1007
2824,4714992240.0,343
2825,4714992240.0,700
2826,4714992240.0,843
2827,4714990530.0,3282
2828,4715190912.0,488
2829,4715190912.0,359
2830,4715190912.0,869
2831,4715191292.0,575
2832,4715191292.0,739
2833,4715191292.0,614
2834,4715191102.0,522
2835,4715190722.0,388
2836,4715190722.0,695
2837,4715190722.0,317
2838,4715190532.0,689
2839,4715190532.0,499
2840,4715190152.0,615
2841,4715190152.0,277
2842,4715190342.0,693
2843,4715190342.0,431
2844,4715390344.0,802
2845,4715391674.0,380
2846,4715390534.0,385
2847,4715391294.0,1106
2848,4715391104.0,529
2849,4715391674.0,995
2850,4715390154.0,1156
2851,4715391484.0,532
2852,4715591486.0,675
2853,4715591486.0,843
2854,4715591486.0,1248
2855,4715591486.0,965
2856,4715591486.0,578
2857,4715591106.0,1208
2858,4715591106.0,1233
2859,4715591106.0,716
2860,4715591866.0,1491
2861,4715591676.0,674
2862,4715591676.0,1428
2863,4715591676.0,764
2864,4715591296.0,1479
2865,4715591866.0,651
2866,4715591866.0,740
2867,4715590726.0,450
2868,4715590916.0,1223
2869,4715591296.0,728
2870,4715591296.0,886
2871,4715591296.0,808
2872,4715590536.0,793
2873,4715590536.0,1329
2874,4715590536.0,488
2875,4715591296.0,991
2876,4715590156.0,1231
2877,4715590156.0,693
2878,4715590156.0,894
2879,4715590156.0,607
2880,4715590726.0,939
2881,4715590916.0,1854
2882,4715590916.0,1038
2883,4715590346.0,650
2884,4715590346.0,771
2885,4715590346.0,934
2886,4715590346.0,912
2887,4715590726.0,633
2888,4715590726.0,685
2889,4715590726.0,675
2890,4715590156.0,405
2891,4715592056.0,763
2892,4715592056.0,139
2893,4715592056.0,626
2894,4715592056.0,800
2895,4715592056.0,0
2896,4715791488.0,895
2897,4715791488.0,1212
2898,4715791488.0,1209
2899,4715791488.0,370
2900,4715791488.0,210
2901,4715791488.0,119
2902,4715791298.0,188
2903,4715791298.0,448
2904,4715791298.0,385
2905,4715791298.0,481
2906,4715791298.0,870
2907,4715791298.0,472
2908,4715791298.0,540
2909,4715791298.0,419
2910,4715791298.0,304
2911,4715791298.0,247
2912,4715791298.0,286
2913,4715791298.0,372
2914,4715791298.0,471
2915,4715791298.0,473
2916,4715791298.0,292
2917,4715791298.0,440
2918,4715791298.0,679
2919,4715791298.0,291
2920,4715791298.0,498
2921,4715791298.0,348
2922,4715791298.0,328
2923,4715791298.0,259
2924,4715791298.0,341
2925,4715791298.0,625
2926,4715791298.0,350
2927,4715791298.0,375
2928,4715791298.0,461
2929,4715791298.0,449
2930,4715791298.0,108
2931,4715791298.0,819
2932,4715791298.0,490
2933,4715791298.0,428
2934,4715791298.0,153
2935,4715791298.0,388
2936,4715791488.0,310
2937,4715791488.0,338
2938,4715791488.0,587
2939,4715791298.0,403
2940,4715791488.0,371
2941,4715791488.0,11
2942,4715791298.0,661
2943,4715791488.0,930
2944,4715791298.0,735
2945,4715791298.0,563
2946,4715791298.0,277
2947,4715791298.0,445
2948,4715791298.0,709
2949,4715791298.0,293
2950,4715791298.0,458
2951,4715790918.0,460
2952,4715790918.0,556
2953,4715790918.0,519
2954,4715790918.0,561
2955,4715791868.0,257
2956,4715791298.0,381
2957,4715791298.0,356
2958,4715791298.0,595
2959,4715791678.0,323
2960,4715791678.0,411
2961,4715791678.0,493
2962,4715791678.0,508
2963,4715791678.0,614
2964,4715791298.0,673
2965,4715791678.0,835
2966,4715791678.0,647
2967,4715791678.0,481
2968,4715791678.0,536
2969,4715791298.0,664
2970,4715791678.0,334
2971,4715791488.0,406
2972,4715791488.0,767
2973,4715791298.0,182
2974,4715791488.0,804
2975,4715791488.0,819
2976,4715791488.0,614
2977,4715791488.0,807
2978,4715791488.0,928
2979,4715791488.0,1038
2980,4715791488.0,1338
2981,4715791488.0,225
2982,4715791488.0,700
2983,4715791488.0,247
2984,4715791488.0,175
2985,4715792058.0,406
2986,4715791678.0,517
2987,4715792058.0,509
2988,4715791678.0,367
2989,4715791678.0,217
2990,4715791678.0,364
2991,4715791678.0,598
2992,4715791678.0,429
2993,4715791678.0,523
2994,4715791488.0,495
2995,4715791678.0,435
2996,4715791488.0,196
2997,4715791488.0,253
2998,4715791488.0,296
2999,4715791488.0,337
3000,4715791488.0,350
3001,4715791678.0,481
3002,4715791678.0,324
3003,4715791488.0,331
3004,4715791488.0,99
3005,4715791488.0,349
3006,4715791678.0,520
3007,4715791678.0,182
3008,4715791678.0,455
3009,4715791678.0,674
3010,4715791678.0,361
3011,4715791678.0,736
3012,4715791678.0,546
3013,4715791678.0,663
3014,4715791678.0,255
3015,4715791678.0,398
3016,4715791678.0,398
3017,4715791678.0,293
3018,4715791678.0,265
3019,4715791678.0,317
3020,4715791678.0,402
3021,4715791678.0,439
3022,4715791678.0,336
3023,4715791678.0,342
3024,4715791678.0,577
3025,4715791678.0,467
3026,4715791678.0,245
3027,4715791678.0,537
3028,4715791678.0,570
3029,4715791678.0,952
3030,4715791678.0,654
3031,4715791868.0,586
3032,4715791868.0,369
3033,4715791868.0,551
3034,4715791868.0,783
3035,4715791868.0,755
3036,4715791678.0,242
3037,4715791678.0,353
3038,4715791678.0,262
3039,4715791678.0,389
3040,4715791678.0,434
3041,4715791678.0,458
3042,4715791678.0,287
3043,4715791678.0,386
3044,4715791678.0,693
3045,4715791678.0,426
3046,4715791678.0,786
3047,4715791678.0,518
3048,4715791678.0,324
3049,4715791678.0,369
3050,4715791678.0,472
3051,4715791678.0,372
3052,4715791868.0,846
3053,4715791868.0,486
3054,4715791868.0,563
3055,4715791868.0,342
3056,4715791678.0,413
3057,4715791678.0,286
3058,4715791678.0,255
3059,4715791678.0,289
3060,4715791678.0,1035
3061,4715791678.0,460
3062,4715791678.0,205
3063,4715791868.0,371
3064,4715791868.0,366
3065,4715791868.0,383
3066,4715791868.0,215
3067,4715791868.0,258
3068,4715791868.0,819
3069,4715791868.0,1030
3070,4715790918.0,815
3071,4715790918.0,822
3072,4715790918.0,780
3073,4715790918.0,489
3074,4715790918.0,377
3075,4715790918.0,580
3076,4715790918.0,477
3077,4715790918.0,621
3078,4715791108.0,805
3079,4715791108.0,399
3080,4715791298.0,404
3081,4715791108.0,307
3082,4715791108.0,474
3083,4715791108.0,591
3084,4715790918.0,414
3085,4715790918.0,426
3086,4715790918.0,481
3087,4715790918.0,439
3088,4715790918.0,835
3089,4715790918.0,613
3090,4715790918.0,815
3091,4715791868.0,716
3092,4715791868.0,739
3093,4715791868.0,714
3094,4715791868.0,920
3095,4715791868.0,740
3096,4715791868.0,794
3097,4715791868.0,638
3098,4715791868.0,840
3099,4715791868.0,789
3100,4715791868.0,351
3101,4715791868.0,531
3102,4715791868.0,487
3103,4715791868.0,616
3104,4715791868.0,692
3105,4715791868.0,336
3106,4715790918.0,616
3107,4715790918.0,600
3108,4715791488.0,277
3109,4715791488.0,368
3110,4715791108.0,528
3111,4715791488.0,373
3112,4715791488.0,391
3113,4715791488.0,296
3114,4715791108.0,620
3115,4715791108.0,709
3116,4715791108.0,363
3117,4715791108.0,357
3118,4715791108.0,512
3119,4715791488.0,387
3120,4715791488.0,456
3121,4715791488.0,286
3122,4715791488.0,350
3123,4715791488.0,380
3124,4715791488.0,411
3125,4715791488.0,477
3126,4715791488.0,439
3127,4715791488.0,394
3128,4715791488.0,271
3129,4715791488.0,265
3130,4715791298.0,591
3131,4715791298.0,378
3132,4715791298.0,324
3133,4715791298.0,581
3134,4715791108.0,243
3135,4715791298.0,484
3136,4715791488.0,352
3137,4715791298.0,403
3138,4715791298.0,410
3139,4715791298.0,480
3140,4715791108.0,463
3141,4715792248.0,366
3142,4715792248.0,414
3143,4715792248.0,873
3144,4715792248.0,307
3145,4715792248.0,301
3146,4715792248.0,703
3147,4715792248.0,317
3148,4715792248.0,338
3149,4715792248.0,682
3150,4715792248.0,354
3151,4715792248.0,490
3152,4715792248.0,795
3153,4715792248.0,479
3154,4715792248.0,465
3155,4715792248.0,602
3156,4715792248.0,357
3157,4715792248.0,477
3158,4715792248.0,434
3159,4715792248.0,598
3160,4715792248.0,440
3161,4715792248.0,418
3162,4715792248.0,447
3163,4715792248.0,306
3164,4715792248.0,384
3165,4715792248.0,367
3166,4715792248.0,405
3167,4715792248.0,381
3168,4715792248.0,333
3169,4715792248.0,713
3170,4715792248.0,254
3171,4715792248.0,167
3172,4715792248.0,226
3173,4715791298.0,354
3174,4715791298.0,334
3175,4715791298.0,217
3176,4715791298.0,221
3177,4715791298.0,186
3178,4715791488.0,771
3179,4715791488.0,523
3180,4715791488.0,363
3181,4715791488.0,705
3182,4715791488.0,302
3183,4715791488.0,238
3184,4715791488.0,340
3185,4715791488.0,221
3186,4715791488.0,451
3187,4715791488.0,508
3188,4715791488.0,629
3189,4715791868.0,489
3190,4715791868.0,476
3191,4715791868.0,626
3192,4715791868.0,445
3193,4715790158.0,418
3194,4715790158.0,196
3195,4715790158.0,420
3196,4715790158.0,456
3197,4715790158.0,760
3198,4715790158.0,445
3199,4715790158.0,568
3200,4715790158.0,463
3201,4715790158.0,724
3202,4715790158.0,452
3203,4715790158.0,426
3204,4715790158.0,667
3205,4715790158.0,693
3206,4715790158.0,409
3207,4715790158.0,687
3208,4715790158.0,846
3209,4715790158.0,812
3210,4715790158.0,10
3211,4715790158.0,248
3212,4715791108.0,321
3213,4715791298.0,480
3214,4715791108.0,866
3215,4715791108.0,418
3216,4715791108.0,673
3217,4715791108.0,571
3218,4715791108.0,507
3219,4715791108.0,314
3220,4715791108.0,319
3221,4715791108.0,627
3222,4715791108.0,499
3223,4715791108.0,431
3224,4715791108.0,688
3225,4715791108.0,492
3226,4715790158.0,384
3227,4715790158.0,446
3228,4715790538.0,952
3229,4715791108.0,516
3230,4715791108.0,509
3231,4715790158.0,787
3232,4715791108.0,385
3233,4715791108.0,384
3234,4715791108.0,727
3235,4715791108.0,702
3236,4715791108.0,345
3237,4715791108.0,994
3238,4715791108.0,400
3239,4715791108.0,330
3240,4715791108.0,437
3241,4715791108.0,655
3242,4715791108.0,583
3243,4715791108.0,390
3244,4715791108.0,590
3245,4715791108.0,262
3246,4715790538.0,522
3247,4715791108.0,1051
3248,4715790538.0,534
3249,4715790538.0,685
3250,4715791108.0,437
3251,4715790538.0,958
3252,4715790538.0,678
3253,4715790538.0,389
3254,4715790538.0,583
3255,4715790538.0,646
3256,4715790538.0,585
3257,4715790538.0,564
3258,4715790538.0,527
3259,4715790538.0,474
3260,4715790538.0,1990
3261,4715790538.0,1539
3262,4715790538.0,561
3263,4715790538.0,628
3264,4715790538.0,1414
3265,4715790538.0,551
3266,4715790538.0,1689
3267,4715790538.0,800
3268,4715791108.0,1042
3269,4715790538.0,552
3270,4715790538.0,242
3271,4715790538.0,734
3272,4715791108.0,447
3273,4715791108.0,426
3274,4715790538.0,754
3275,4715790538.0,601
3276,4715790538.0,663
3277,4715790158.0,427
3278,4715790158.0,509
3279,4715790158.0,614
3280,4715790158.0,578
3281,4715790538.0,1791
3282,4715790158.0,1272
3283,4715790538.0,542
3284,4715790538.0,431
3285,4715790538.0,634
3286,4715790538.0,1548
3287,4715790538.0,881
3288,4715790538.0,736
3289,4715790158.0,3506
3290,4715790348.0,4123
3291,4715790158.0,2440
3292,4715790348.0,2367
3293,4715790918.0,777
3294,4715790918.0,335
3295,4715790918.0,239
3296,4715790918.0,445
3297,4715790918.0,301
3298,4715790918.0,780
3299,4715790918.0,538
3300,4715790918.0,373
3301,4715790918.0,927
3302,4715790918.0,445
3303,4715790918.0,776
3304,4715790918.0,725
3305,4715790348.0,971
3306,4715790918.0,327
3307,4715790918.0,302
3308,4715790918.0,650
3309,4715790918.0,975
3310,4715790918.0,1981
3311,4715790918.0,1143
3312,4715790728.0,1271
3313,4715790918.0,810
3314,4715790918.0,1527
3315,4715790918.0,516
3316,4715790348.0,967
3317,4715790348.0,590
3318,4715790348.0,1067
3319,4715790348.0,649
3320,4715790348.0,1187
3321,4715790728.0,593
3322,4715790728.0,1030
3323,4715790728.0,583
3324,4715790728.0,1187
3325,4715790728.0,1425
3326,4715790348.0,976
3327,4715790348.0,535
3328,4715790728.0,1161
3329,4715790728.0,819
3330,4715790158.0,478
3331,4715790158.0,457
3332,4715790348.0,1016
3333,4715790158.0,905
3334,4715790158.0,1038
3335,4715790348.0,541
3336,4715790918.0,0
3337,4715790918.0,0
3338,4715791868.0,763
3339,4715791868.0,657
3340,4715791868.0,778
3341,4715791868.0,299
3342,4715791868.0,890
3343,4715791868.0,724
3344,4715791868.0,911
3345,4715791868.0,847
3346,4715791868.0,0
3347,4715791868.0,588
3348,4715791868.0,437
3349,4715791868.0,332
3350,4715790728.0,601
3351,4715791868.0,1028
3352,4715792438.0,857
3353,4715791868.0,751
3354,4715790728.0,563
3355,4715790728.0,761
3356,4715790728.0,678
3357,4715792438.0,2458
3358,4715790728.0,445
3359,4715790728.0,935
3360,4715790728.0,743
3361,4715790728.0,937
3362,4715790728.0,513
3363,4715790728.0,292
3364,4715790728.0,410
3365,4715790728.0,545
3366,4715790728.0,442
3367,4715790728.0,254
3368,4715790728.0,513
3369,4715790728.0,708
3370,4715790728.0,448
3371,4715790728.0,597
3372,4715790728.0,716
3373,4715790728.0,986
3374,4715790728.0,425
3375,4715790728.0,624
3376,4715790728.0,591
3377,4715790728.0,754
3378,4715790728.0,581
3379,4715790728.0,365
3380,4715790728.0,552
3381,4715790728.0,895
3382,4715790728.0,1333
3383,4715790728.0,2414
3384,4715790728.0,1306
3385,4715790348.0,3735
3386,4715790348.0,977
3387,4715790348.0,627
3388,4715790348.0,416
3389,4715790348.0,1888
3390,4715790348.0,1254
3391,4715790348.0,838
3392,4715790348.0,660
3393,4715790348.0,555
3394,4715790348.0,390
3395,4715790348.0,502
3396,4715790348.0,694
3397,4715790348.0,880
3398,4715790348.0,530
3399,4715790348.0,384
3400,4715790348.0,589
3401,4715790348.0,375
3402,4715790348.0,820
3403,4715792248.0,1089
3404,4715792248.0,280
3405,4715792248.0,838
3406,4715792438.0,352
3407,4715792438.0,528
3408,4715792438.0,305
3409,4715792438.0,531
3410,4715792438.0,597
3411,4715792438.0,911
3412,4715792438.0,624
3413,4715792438.0,476
3414,4715792438.0,808
3415,4715792438.0,895
3416,4715792248.0,472
3417,4715792248.0,356
3418,4715792438.0,742
3419,4715792438.0,1049
3420,4715792438.0,289
3421,4715792438.0,432
3422,4715792438.0,616
3423,4715792438.0,554
3424,4715792438.0,567
3425,4715792248.0,807
3426,4715792438.0,542
3427,4715792438.0,408
3428,4715792438.0,621
3429,4715792438.0,373
3430,4715792438.0,881
3431,4715792438.0,1330
3432,4715792438.0,579
3433,4715792438.0,648
3434,4715792438.0,328
3435,4715792438.0,835
3436,4715792438.0,825
3437,4715792438.0,454
3438,4715792438.0,1595
3439,4715792438.0,962
3440,4715792438.0,1825
3441,4715792438.0,495
3442,4715792438.0,653
3443,4715792438.0,882
3444,4715792438.0,719
3445,4715792248.0,392
3446,4715792248.0,423
3447,4715792248.0,322
3448,4715792248.0,603
3449,4715792058.0,229
3450,4715792058.0,174
3451,4715792058.0,129
3452,4715792058.0,149
3453,4715792058.0,441
3454,4715792058.0,485
3455,4715792058.0,213
3456,4715792058.0,167
3457,4715792058.0,577
3458,4715792058.0,324
3459,4715792058.0,533
3460,4715792058.0,875
3461,4715792058.0,353
3462,4715792058.0,677
3463,4715792058.0,117
3464,4715792058.0,512
3465,4715792058.0,587
3466,4715792058.0,519
3467,4715792058.0,679
3468,4715792058.0,495
3469,4715792058.0,567
3470,4715792058.0,518
3471,4715792248.0,469
3472,4715792248.0,279
3473,4715792248.0,340
3474,4715792248.0,399
3475,4715792248.0,512
3476,4715792248.0,460
3477,4715792248.0,429
3478,4715792248.0,267
3479,4715792248.0,390
3480,4715792058.0,867
3481,4715792058.0,300
3482,4715792058.0,391
3483,4715792058.0,236
3484,4715792058.0,176
3485,4715792058.0,232
3486,4715792058.0,515
3487,4715792058.0,345
3488,4715792058.0,185
3489,4715792058.0,494
3490,4715792058.0,542
3491,4715792058.0,301
3492,4715792058.0,461
3493,4715792058.0,250
3494,4715792058.0,537
3495,4715792058.0,708
3496,4715792058.0,552
3497,4715792058.0,389
3498,4715792058.0,341
3499,4715792058.0,306
3500,4715792058.0,464
3501,4715792058.0,631
3502,4715792058.0,575
3503,4715792058.0,305
3504,4715792058.0,317
3505,4715792058.0,436
3506,4715792058.0,712
3507,4715792058.0,475
3508,4715791678.0,599
3509,4715792058.0,403
3510,4715792058.0,34
3511,4715792058.0,384
3512,4715792058.0,291
3513,4715792248.0,616
3514,4715792248.0,766
3515,4715792058.0,257
3516,4715792058.0,303
3517,4715792058.0,642
3518,4715792058.0,508
3519,4715792058.0,820
3520,4715792248.0,0
3521,4715792058.0,0
3522,4715792058.0,0
3523,4715790918.0,0
3524,4715990350.0,563
3525,4715990160.0,635
3526,4715990160.0,379
3527,4715991110.0,727
3528,4715990350.0,465
3529,4715991300.0,664
3530,4715991300.0,644
3531,4715990730.0,887
3532,4715991490.0,833
3533,4715990920.0,804
3534,4715990540.0,1099
3535,4716190542.0,653
3536,4716190732.0,567
3537,4716190352.0,655
3538,4716190162.0,612
3539,4716191302.0,694
3540,4716191302.0,284
3541,4716190922.0,870
3542,4716190732.0,454
3543,4716190922.0,544
3544,4716190732.0,0
3545,4716190352.0,0
3546,4716392064.0,619
3547,4716392064.0,527
3548,4716392064.0,918
3549,4716392064.0,413
3550,4716391684.0,450
3551,4716392064.0,450
3552,4716392064.0,387
3553,4716392064.0,624
3554,4716391874.0,445
3555,4716392064.0,387
3556,4716392064.0,697
3557,4716391874.0,446
3558,4716392064.0,700
3559,4716391874.0,799
3560,4716392064.0,379
3561,4716392064.0,485
3562,4716391874.0,812
3563,4716392064.0,622
3564,4716391114.0,620
3565,4716391304.0,1034
3566,4716392064.0,541
3567,4716392064.0,724
3568,4716391494.0,465
3569,4716391494.0,1137
3570,4716391304.0,1160
3571,4716391494.0,728
3572,4716391494.0,629
3573,4716391494.0,465
3574,4716391494.0,265
3575,4716391494.0,995
3576,4716391494.0,314
3577,4716391494.0,727
3578,4716391684.0,898
3579,4716391684.0,308
3580,4716391684.0,732
3581,4716391684.0,383
3582,4716391684.0,568
3583,4716391684.0,918
3584,4716391874.0,449
3585,4716391684.0,855
3586,4716391684.0,589
3587,4716391684.0,211
3588,4716391874.0,1130
3589,4716391874.0,250
3590,4716391114.0,336
3591,4716391114.0,448
3592,4716391114.0,634
3593,4716391114.0,596
3594,4716391114.0,409
3595,4716391874.0,1056
3596,4716391114.0,404
3597,4716391114.0,406
3598,4716391114.0,897
3599,4716391114.0,359
3600,4716391114.0,1186
3601,4716391114.0,1161
3602,4716391114.0,363
3603,4716390734.0,621
3604,4716391114.0,574
3605,4716390734.0,499
3606,4716390734.0,1048
3607,4716390354.0,490
3608,4716390354.0,651
3609,4716390354.0,707
3610,4716390354.0,505
3611,4716390544.0,409
3612,4716390544.0,275
3613,4716390544.0,310
3614,4716390544.0,717
3615,4716390354.0,427
3616,4716390544.0,621
3617,4716390354.0,685
3618,4716390354.0,401
3619,4716390354.0,294
3620,4716390354.0,677
3621,4716390354.0,584
3622,4716390354.0,320
3623,4716390164.0,349
3624,4716390354.0,823
3625,4716390354.0,741
3626,4716390354.0,591
3627,4716390164.0,783
3628,4716390164.0,533
3629,4716390164.0,838
3630,4716390164.0,337
3631,4716390734.0,662
3632,4716390734.0,779
3633,4716390734.0,236
3634,4716390734.0,422
3635,4716390734.0,492
3636,4716390164.0,427
3637,4716390924.0,764
3638,4716390924.0,754
3639,4716390924.0,654
3640,4716390924.0,891
3641,4716390924.0,741
3642,4716390924.0,464
3643,4716390924.0,423
3644,4716390924.0,433
3645,4716390924.0,552
3646,4716390734.0,787
3647,4716390734.0,796
3648,4716390734.0,536
3649,4716390734.0,833
3650,4716390734.0,442
3651,4716390734.0,532
3652,4716391304.0,849
3653,4716391304.0,726
3654,4716391304.0,720
3655,4716391304.0,552
3656,4716391304.0,560
3657,4716590166.0,621
3658,4716590166.0,594
3659,4716590166.0,455
3660,4716590166.0,424
3661,4716590166.0,507
3662,4716590166.0,637
3663,4716590166.0,877
3664,4716590356.0,628
3665,4716590356.0,556
3666,4716590356.0,1036
3667,4716590356.0,523
3668,4716590736.0,710
3669,4716590166.0,555
3670,4716590546.0,336
3671,4716590166.0,790
3672,4716590356.0,357
3673,4716590356.0,531
3674,4716590356.0,331
3675,4716590356.0,841
3676,4716590736.0,700
3677,4716592256.0,781
3678,4716592256.0,583
3679,4716592256.0,311
3680,4716592256.0,468
3681,4716592256.0,855
3682,4716592256.0,691
3683,4716592256.0,942
3684,4716590736.0,1380
3685,4716591116.0,1434
3686,4716590736.0,1241
3687,4716590736.0,666
3688,4716590736.0,518
3689,4716590736.0,483
3690,4716590546.0,556
3691,4716590546.0,799
3692,4716590546.0,536
3693,4716590546.0,627
3694,4716590546.0,495
3695,4716590546.0,837
3696,4716590546.0,513
3697,4716590926.0,487
3698,4716590926.0,806
3699,4716590926.0,392
3700,4716590926.0,433
3701,4716590736.0,692
3702,4716590926.0,654
3703,4716590736.0,797
3704,4716590546.0,334
3705,4716590546.0,599
3706,4716590926.0,793
3707,4716591116.0,370
3708,4716590926.0,1104
3709,4716590926.0,629
3710,4716591116.0,906
3711,4716591116.0,902
3712,4716592066.0,582
3713,4716592066.0,1404
3714,4716591876.0,378
3715,4716592066.0,616
3716,4716592066.0,864
3717,4716592066.0,647
3718,4716592066.0,698
3719,4716592066.0,549
3720,4716592066.0,1217
3721,4716592066.0,1227
3722,4716591306.0,1030
3723,4716591306.0,2279
3724,4716591306.0,774
3725,4716591306.0,520
3726,4716591306.0,1123
3727,4716591496.0,805
3728,4716591876.0,822
3729,4716591496.0,658
3730,4716591496.0,409
3731,4716591306.0,385
3732,4716591876.0,1170
3733,4716591876.0,1223
3734,4716591876.0,462
3735,4716591876.0,1185
3736,4716591496.0,828
3737,4716591496.0,620
3738,4716591496.0,333
3739,4716591496.0,1524
3740,4716591686.0,953
3741,4716591686.0,387
3742,4716591686.0,728
3743,4716591686.0,581
3744,4716591116.0,1584
3745,4716591116.0,1234
3746,4716591116.0,1235
3747,4716591686.0,587
3748,4716591686.0,1359
3749,4716591686.0,448
3750,4716591306.0,750
3751,,495
3752,4716791118.0,369
3753,4716791118.0,945
3754,4716791118.0,374
3755,4716790548.0,414
3756,4716790738.0,1628
3757,4716790738.0,1624
3758,4716791498.0,1000
3759,4716790928.0,471
3760,4716791498.0,847
3761,4716790928.0,569
3762,4716791118.0,666
3763,4716790928.0,1251
3764,4716790548.0,599
3765,4716790548.0,623
3766,4716790548.0,547
3767,4716791688.0,983
3768,4716791688.0,675
3769,4716790168.0,438
3770,4716790168.0,409
3771,4716790168.0,827
3772,4716790168.0,370
3773,4716790358.0,599
3774,4716791688.0,268
3775,4716790168.0,607
3776,4716790168.0,243
3777,4716790358.0,290
3778,4716790358.0,279
3779,4716790358.0,576
3780,4716791308.0,476
3781,4716791308.0,1039
3782,4716790358.0,276
3783,4716790358.0,321
3784,4716791308.0,335
3785,4716791308.0,605
3786,4716991500.0,751
3787,4716991120.0,840
3788,4716990360.0,598
3789,4716990740.0,496
3790,4716990170.0,514
3791,4717190172.0,634
3792,4717190172.0,449
3793,4717190172.0,592
3794,4717190172.0,529
3795,4717190172.0,851
3796,4717190362.0,599
3797,4717190552.0,1161
3798,4717190552.0,267
3799,4717190552.0,678
3800,4717190362.0,369
3801,4717190172.0,430
3802,4717190362.0,263
3803,4717190362.0,385
3804,4717190362.0,352
3805,4717390554.0,486
3806,4717390364.0,474
3807,4717391314.0,509
3808,4717390364.0,653
3809,4717390554.0,673
3810,4717390554.0,520
3811,4717390174.0,386
3812,4717390174.0,479
3813,4717390744.0,457
3814,4717390744.0,579
3815,4717391124.0,543
3816,4717391124.0,776
3817,4717390934.0,448
3818,4717390934.0,594
3819,4717590746.0,616
3820,4717590556.0,425
3821,4717590366.0,574
3822,4717590176.0,725
3823,4717791318.0,446
3824,4717791318.0,473
3825,4717791318.0,521
3826,4717792078.0,581
3827,4717792078.0,584
3828,4717792078.0,593
3829,4717792268.0,770
3830,4717791888.0,453
3831,4717791888.0,520
3832,4717792268.0,673
3833,4717792268.0,498
3834,4717790178.0,740
3835,4717790178.0,709
3836,4717790748.0,385
3837,4717791128.0,565
3838,4717790748.0,529
3839,4717790748.0,412
3840,4717790938.0,679
3841,4717791508.0,396
3842,4717791508.0,591
3843,4717790558.0,424
3844,4717790368.0,824
3845,4717790368.0,762
3846,4717791698.0,767
3847,4717791698.0,791
3848,4717791698.0,804
3849,4717791508.0,743
3850,4717990750.0,476
3851,4717990750.0,668
3852,4717990750.0,531
3853,4717990560.0,334
3854,4717990560.0,418
3855,4717990560.0,335
3856,4717990560.0,1215
3857,4717990560.0,729
3858,4717990560.0,501
3859,4717990940.0,752
3860,4717990560.0,382
3861,4717990560.0,412
3862,4717990940.0,1091
3863,4717991890.0,620
3864,4717990940.0,1049
3865,4717990750.0,185
3866,4717990750.0,537
3867,4717991890.0,453
3868,4717990940.0,630
3869,4717990940.0,1486
3870,4717990750.0,0
3871,4717990750.0,554
3872,4717990750.0,313
3873,4717990750.0,576
3874,4717990370.0,340
3875,4717990370.0,541
3876,4717990370.0,492
3877,4717990370.0,453
3878,4717990370.0,832
3879,4717990750.0,531
3880,4717990370.0,289
3881,4717990370.0,311
3882,4717990370.0,491
3883,4717990370.0,541
3884,4717990560.0,632
3885,4717990750.0,539
3886,4717990370.0,1215
3887,4717990370.0,317
3888,4717990180.0,1142
3889,4717990180.0,965
3890,4717990370.0,451
3891,4717990370.0,358
3892,4717990370.0,687
3893,4717990180.0,461
3894,4717990180.0,824
3895,4717990180.0,972
3896,4717990180.0,1345
3897,4717990180.0,1043
3898,4717990180.0,816
3899,4717991320.0,1611
3900,4717991320.0,752
3901,4717991320.0,867
3902,4717991320.0,986
3903,4717991130.0,815
3904,4717991320.0,1200
3905,4717991510.0,738
3906,4717991510.0,1162
3907,4717991510.0,603
3908,4717991130.0,1589
3909,4717991130.0,925
3910,4717991130.0,501
3911,4717991130.0,1247
3912,4717991130.0,1352
3913,4717991890.0,1287
3914,4717991890.0,389
3915,4717991890.0,541
3916,4717991700.0,583
3917,4717991700.0,759
3918,4717991700.0,758
3919,4717991700.0,643
3920,4717991700.0,615
3921,4717991510.0,678
3922,4717991700.0,587
3923,4717991510.0,681
3924,4717990750.0,441
3925,4717990560.0,609
3926,4717990560.0,335
3927,4717990560.0,499
3928,4718190562.0,662
3929,4718190562.0,244
3930,4718190562.0,268
3931,4718190942.0,426
3932,4718191322.0,617
3933,4718191322.0,601
3934,4718190562.0,663
3935,4718191132.0,543
3936,4718190752.0,419
3937,4718190752.0,467
3938,4718190942.0,416
3939,4718190942.0,413
3940,4718191132.0,412
3941,4718390184.0,481
3942,4718391514.0,958
3943,4718390944.0,635
3944,4718391514.0,726
3945,4718391324.0,432
3946,4718391324.0,796
3947,4718391324.0,657
3948,4718391134.0,416
3949,4718391324.0,580
3950,4718390944.0,778
3951,4718390754.0,317
3952,4718390754.0,659
3953,4718391514.0,639
3954,4718390184.0,379
3955,4718390184.0,422
3956,4718391704.0,531
3957,4718391704.0,392
3958,4718390374.0,732
3959,4718390374.0,611
3960,4718390754.0,510
3961,4718390564.0,501
3962,4718390564.0,500
3963,4718390564.0,480
3964,4718390184.0,314
3965,4718390184.0,278
3966,4718590756.0,385
3967,4718590756.0,520
3968,4718590566.0,764
3969,4718590566.0,600
3970,4718591326.0,885
3971,4718591326.0,788
3972,4718591136.0,469
3973,4718591136.0,661
3974,4718591136.0,537
3975,4718590566.0,774
3976,4718590376.0,559
3977,4718590376.0,794
3978,4718590186.0,631
3979,4718590186.0,394
3980,4718590186.0,492
3981,4718590946.0,701
3982,4718590946.0,669
3983,4718790948.0,1699
3984,4718790948.0,2339
3985,4718790948.0,1901
3986,4718790948.0,951
3987,4718790948.0,765
3988,4718790948.0,402
3989,4718791328.0,701
3990,4718791328.0,783
3991,4718791138.0,534
3992,4718791138.0,1702
3993,4718791138.0,643
3994,4718791138.0,627
3995,4718791138.0,597
3996,4718791138.0,339
3997,4718791138.0,1345
3998,4718790758.0,2476
3999,4718790758.0,679
4000,4718791328.0,435
4001,4718791328.0,614
4002,4718791328.0,1228
4003,4718791328.0,930
4004,4718791328.0,753
4005,4718791518.0,2003
4006,4718791518.0,380
4007,4718791708.0,357
4008,4718791518.0,1400
4009,4718791328.0,910
4010,4718791708.0,974
4011,4718791708.0,861
4012,4718791518.0,1218
4013,4718790188.0,617
4014,4718790188.0,474
4015,4718791708.0,493
4016,4718790188.0,908
4017,4718790188.0,599
4018,4718790188.0,482
4019,4718790188.0,638
4020,4718790188.0,915
4021,4718791708.0,921
4022,4718791898.0,1418
4023,4718791708.0,3279
4024,4718792088.0,1360
4025,4718791898.0,1010
4026,4718791898.0,597
4027,4718791518.0,1003
4028,4718791898.0,512
4029,4718792088.0,703
4030,4718792088.0,528
4031,4718792088.0,532
4032,4718792088.0,944
4033,4718791518.0,687
4034,4718791898.0,882
4035,4718791898.0,679
4036,4718792278.0,1376
4037,4718792278.0,532
4038,4718792278.0,786
4039,4718792278.0,615
4040,4718792088.0,633
4041,4718792088.0,876
4042,4718792278.0,1323
4043,4718792278.0,943
4044,4718790378.0,789
4045,4718790378.0,636
4046,4718790378.0,902
4047,4718790378.0,607
4048,4718790758.0,837
4049,4718790758.0,1077
4050,4718790758.0,922
4051,4718792278.0,540
4052,4718792278.0,860
4053,4718792278.0,1918
4054,4718790948.0,1143
4055,4718790378.0,777
4056,4718790378.0,830
4057,4718790188.0,691
4058,4718791708.0,715
4059,4718791708.0,1827
4060,4718790378.0,980
4061,4718790378.0,1517
4062,4718790568.0,2364
4063,4718790568.0,4584
4064,4718990950.0,984
4065,4718991140.0,1200
4066,4718993230.0,976
4067,4718991140.0,764
4068,4718992850.0,1020
4069,4718992850.0,776
4070,4718994370.0,1144
4071,4718994370.0,1118
4072,4718994750.0,1079
4073,4718994180.0,475
4074,4718994750.0,1450
4075,4718990760.0,1000
4076,4718990950.0,2084
4077,4718991520.0,467
4078,4718993420.0,477
4079,4718993420.0,710
4080,4718991520.0,790
4081,4718994180.0,1383
4082,4718994180.0,366
4083,4718990190.0,657
4084,4718990190.0,366
4085,4718990190.0,516
4086,4718990190.0,581
4087,4718990570.0,616
4088,4718990570.0,1344
4089,4718990570.0,1067
4090,4718994750.0,571
4091,4718990380.0,870
4092,4718990380.0,322
4093,4718991520.0,446
4094,4718991900.0,1073
4095,4718991900.0,1050
4096,4718994560.0,1005
4097,4718991330.0,471
4098,4718993990.0,676
4099,4718993990.0,559
4100,4718993610.0,689
4101,4718993610.0,918
4102,4718993610.0,577
4103,4718993800.0,540
4104,4718993230.0,541
4105,4718994560.0,633
4106,4718994560.0,572
4107,4718993800.0,584
4108,4718993990.0,682
4109,4718992280.0,920
4110,4718992280.0,967
4111,4718991330.0,689
4112,4718993040.0,533
4113,4718992090.0,3518
4114,4718993040.0,776
4115,4718992470.0,617
4116,4718992660.0,2073
4117,4718992470.0,925
4118,4718992470.0,736
4119,4718992470.0,709
4120,4718992280.0,826
4121,4718991710.0,599
4122,4718991710.0,683
4123,4718991710.0,360
4124,4718991710.0,666
